chemotype,compound_id,name,mw,pred_log_pct_unbound,pred_pct_unbound,pred_fu,tree_sd_log,in_domain,knn_distance,knn_threshold,mw_in_train_range,mw_train_range
papulacandin,PAPU-0001,Papulacandin A,887.0,0.109,1.2854,0.01285,0.857,False,13.25,2.984,False,151-666
papulacandin,PAPU-0002,Papulacandin B,901.0,0.459,2.8779,0.02878,0.901,False,14.069,2.984,False,151-666
papulacandin,PAPU-0003,Papulacandin C,901.0,0.459,2.8779,0.02878,0.901,False,14.069,2.984,False,151-666
papulacandin,PAPU-0004,Papulacandin D,574.7,0.148,1.4054,0.01405,0.909,False,5.652,2.984,True,151-666
papulacandin,PAPU-0006,Tetradecahydropapulacandin B,915.1,0.102,1.2654,0.01265,0.851,False,16.098,2.984,False,151-666
papulacandin,PAPU-0007,Octahydropapulacandin D,582.7,0.035,1.0834,0.01083,0.863,False,7.05,2.984,True,151-666
papulacandin,PAPU-0008,Papulacandin B nona-acetate,1279.3,0.084,1.2122,0.01212,0.807,False,22.151,2.984,False,151-666
papulacandin,PAPU-0009,Papulacandin B degradation product I,736.8,0.546,3.5123,0.03512,0.904,False,11.274,2.984,False,151-666
papulacandin,PAPU-0010,Papulacandin B degradation product II,462.4,0.767,5.8479,0.05848,0.887,False,10.054,2.984,True,151-666
papulacandin,PAPU-0011,Papulacandin B degradation product III,300.3,1.658,45.5184,0.45518,0.434,False,5.329,2.984,True,151-666
papulacandin,PAPU-0012,Papulacandin B 6-I derivative,1010.9,0.128,1.3425,0.01343,0.831,False,13.671,2.984,False,151-666
papulacandin,PAPU-0013,Papulacandin B 6-Br derivative,963.9,0.128,1.3425,0.01343,0.831,False,13.446,2.984,False,151-666
papulacandin,PAPU-0014,Papulacandin B 6-OCH2COCH3 derivative,957.1,0.148,1.4074,0.01407,0.857,False,15.076,2.984,False,151-666
papulacandin,PAPU-0015,Papulacandin B 6-CH2-morpholine derivative,970.1,0.183,1.5252,0.01525,0.902,False,14.596,2.984,False,151-666
papulacandin,PAPU-0016,Papulacandin B 12-OCH3 derivative,915.0,0.158,1.4394,0.01439,0.899,False,13.795,2.984,False,151-666
papulacandin,PAPU-0017,"Papulacandin B 10,12-OCH3 derivative",929.1,0.152,1.418,0.01418,0.88,False,13.618,2.984,False,151-666
papulacandin,PAPU-0018,Papulacandin B 12-OCH2CH2CH3 derivative,943.1,0.107,1.2799,0.0128,0.857,False,14.533,2.984,False,151-666
papulacandin,PAPU-0019,"Papulacandin B 10,12-di-OCH2CH2CH3 derivative",985.2,0.034,1.0805,0.0108,0.793,False,15.287,2.984,False,151-666
papulacandin,PAPU-0020,Papulacandin B 10-OCH2COCH3 derivative,957.1,0.186,1.5347,0.01535,0.89,False,15.083,2.984,False,151-666
papulacandin,PAPU-0021,Papulacandin B 12-OCH2COOH derivative,959.0,0.489,3.0819,0.03082,0.876,False,15.866,2.984,False,151-666
papulacandin,PAPU-0022,Papulacandin B 10-OCH2COOH derivative,959.0,0.489,3.0819,0.03082,0.876,False,15.866,2.984,False,151-666
papulacandin,PAPU-0023,Papulacandin B 10-OCH2COOCH3 derivative,973.1,0.482,3.0311,0.03031,0.876,False,15.598,2.984,False,151-666
papulacandin,PAPU-0024,Papulacandin B 10-OCH2COOCH2CH(OH)CH2OH derivative,1033.1,0.54,3.4671,0.03467,0.898,False,18.793,2.984,False,151-666
papulacandin,PAPU-0025,Papulacandin B 11-CH2-morpholine 12-OCH3 derivative,1014.2,0.247,1.7644,0.01764,0.927,False,15.848,2.984,False,151-666
papulacandin,PAPU-0026,Papulacandin B 11-CH2-piperazine-like derivative,999.2,0.499,3.1557,0.03156,0.872,False,16.567,2.984,False,151-666
papulacandin,PAPU-0027,Papulacandin B 11-NH2 12-OCH3 derivative,930.1,0.48,3.0188,0.03019,0.877,False,14.966,2.984,False,151-666
papulacandin,PAPU-0028,Papulacandin B 11-NHCOCH3 12-OCH3 derivative,972.1,0.186,1.5347,0.01535,0.89,False,15.652,2.984,False,151-666
papulacandin,PAPU-0029,Papulacandin B 11-NHCOCH3 derivative,958.1,0.473,2.9729,0.02973,0.892,False,15.925,2.984,False,151-666
papulacandin,PAPU-0030,Papulacandin B 11-NHCOCH2NH2 derivative,973.1,0.527,3.3679,0.03368,0.889,False,17.403,2.984,False,151-666
papulacandin,PAPU-0031,Papulacandin B 12-OCH2CH3 derivative,929.1,0.138,1.375,0.01375,0.875,False,14.154,2.984,False,151-666
papulacandin,PAPU-0033,Papulacandin B 12-OCH2CH2CH2I derivative,1069.0,0.113,1.2967,0.01297,0.852,False,15.506,2.984,False,151-666
papulacandin,PAPU-0034,Papulacandin B 12-p-nitrobenzyl ether,1036.1,0.165,1.4622,0.01462,0.783,False,16.398,2.984,False,151-666
papulacandin,PAPU-0035,Papulacandin B 12-OCH2COCH3 derivative,957.1,0.186,1.5347,0.01535,0.89,False,15.083,2.984,False,151-666
papulacandin,PAPU-0036,Papulacandin B 12-OCH2COOCH3 derivative,973.1,0.482,3.0311,0.03031,0.876,False,15.598,2.984,False,151-666
papulacandin,PAPU-0038,"Papulacandin B 10,12-di-OCH2CH2CH2I derivative",1237.0,-0.058,0.8749,0.00875,0.823,False,17.515,2.984,False,151-666
papulacandin,PAPU-0039,"Papulacandin B 10,12-di-p-nitrobenzyl ether",1171.3,-0.014,0.9674,0.00967,0.744,False,19.538,2.984,False,151-666
papulacandin,PAPU-0040,"Papulacandin B 10,12-di-OCH2COCH3 derivative",1013.1,0.161,1.4498,0.0145,0.892,False,16.328,2.984,False,151-666
papulacandin,PAPU-0041,"Papulacandin B 10,12-di-OCH2COOH derivative",1017.1,0.492,3.1034,0.03103,0.875,False,17.776,2.984,False,151-666
papulacandin,PAPU-0042,"Papulacandin B 10,12-di-OCH2COOCH3 derivative",1045.1,0.484,3.0495,0.0305,0.878,False,17.41,2.984,False,151-666
papulacandin,PAPU-0043,Papulacandin B 10-OCH3 derivative,915.0,0.158,1.4394,0.01439,0.899,False,13.795,2.984,False,151-666
papulacandin,PAPU-0044,Papulacandin B 10-OCH2COOCH2CH3 derivative,987.1,0.183,1.5228,0.01523,0.914,False,15.958,2.984,False,151-666
papulacandin,PAPU-0045,Papulacandin B 10-OCH2CONH2 derivative,958.1,0.52,3.31,0.0331,0.886,False,15.982,2.984,False,151-666
papulacandin,PAPU-0046,Papulacandin B 10-OCH2CONHCH3 derivative,972.1,0.485,3.0522,0.03052,0.874,False,15.909,2.984,False,151-666
papulacandin,PAPU-0047,Papulacandin B 10-OCH2CON(CH3)2 derivative,986.1,0.502,3.1781,0.03178,0.88,False,15.493,2.984,False,151-666
papulacandin,PAPU-0048,Papulacandin B 10-OCH2CO-thienyl derivative,1025.2,0.182,1.5189,0.01519,0.805,False,15.801,2.984,False,151-666
papulacandin,PAPU-0049,"Papulacandin B 11,13-dimorpholinomethylene derivative",1099.3,0.487,3.067,0.03067,0.871,False,18.315,2.984,False,151-666
papulacandin,PAPU-0050,Papulacandin B 11-dimethylaminomethylene 12-OCH3 derivative,972.1,0.186,1.5348,0.01535,0.911,False,15.077,2.984,False,151-666
papulacandin,PAPU-0051,Papulacandin B 11-morpholinomethylene derivative,1000.1,0.496,3.1339,0.03134,0.873,False,16.042,2.984,False,151-666
papulacandin,PAPU-0052,Papulacandin B 11-piperidinomethylene derivative,998.2,0.125,1.3348,0.01335,0.857,False,15.669,2.984,False,151-666
papulacandin,PAPU-0053,Papulacandin B 11-NH2 10-OCH3 derivative,930.1,0.48,3.0188,0.03019,0.877,False,14.966,2.984,False,151-666
papulacandin,PAPU-0054,Papulacandin B 11-NHSO2CH3 derivative,994.1,0.485,3.0522,0.03052,0.874,False,16.944,2.984,False,151-666
papulacandin,PAPU-0055,Papulacandin B 11-amino-imidazolidone derivative,1028.1,0.485,3.0569,0.03057,0.867,False,17.975,2.984,False,151-666
papulacandin,PAPU-0056,Papulacandin B 6-tosyl derivative,1055.2,0.175,1.4954,0.01495,0.788,False,16.136,2.984,False,151-666
papulacandin,PAPU-0057,Papulacandin B 6-azido derivative,926.0,0.128,1.3417,0.01342,0.831,False,14.579,2.984,False,151-666
papulacandin,PAPU-0058,Papulacandin B 6-N-methylpiperazinyl derivative,983.2,0.176,1.4998,0.015,0.902,False,14.679,2.984,False,151-666
papulacandin,PAPU-0059,Papulacandin B 6-N-formylpiperazinyl derivative,997.1,0.496,3.1305,0.0313,0.872,False,15.313,2.984,False,151-666
papulacandin,PAPU-0060,Papulacandin B 6-N-methylthiotetrazolinyl derivative,999.1,0.237,1.725,0.01725,0.874,False,15.67,2.984,False,151-666
papulacandin,PAPU-0061,Papulacandin B 6-acetyl derivative,943.0,0.188,1.5424,0.01542,0.872,False,14.484,2.984,False,151-666
papulacandin,PAPU-0062,Papulacandin B 6-succinyl derivative,1001.1,0.209,1.6179,0.01618,0.887,False,16.928,2.984,False,151-666
papulacandin,PAPU-0063,"L-687,781",903.0,0.187,1.5393,0.01539,0.919,False,14.306,2.984,False,151-666
papulacandin,PAPU-0064,BU-4794F,854.9,0.223,1.6722,0.01672,0.89,False,12.508,2.984,False,151-666
papulacandin,PAPU-0065,Mer-WF3010,857.0,0.213,1.6321,0.01632,0.89,False,12.316,2.984,False,151-666
papulacandin,PAPU-0066,Fusacandin A,1023.1,0.545,3.5043,0.03504,0.903,False,19.813,2.984,False,151-666
papulacandin,PAPU-0067,Fusacandin B,872.9,0.546,3.5123,0.03512,0.904,False,18.123,2.984,False,151-666
papulacandin,PAPU-0068,Saricandin,838.9,0.474,2.979,0.02979,0.839,False,11.486,2.984,False,151-666
papulacandin,PAPU-0069,BE-29602,859.0,0.138,1.375,0.01375,0.875,False,13.01,2.984,False,151-666
papulacandin,PAPU-0070,Furanocandin,877.0,0.457,2.8616,0.02862,0.876,False,15.524,2.984,False,151-666
papulacandin,PAPU-0071,Fusacandin analog 6a,1037.2,0.54,3.4677,0.03468,0.898,False,20.125,2.984,False,151-666
papulacandin,PAPU-0072,Fusacandin analog 6b,914.9,0.546,3.5123,0.03512,0.904,False,18.232,2.984,False,151-666
papulacandin,PAPU-0073,Fusacandin analog 6c,1027.2,0.54,3.4677,0.03468,0.898,False,20.292,2.984,False,151-666
papulacandin,PAPU-0074,Fusacandin analog 6d,977.0,0.53,3.3889,0.03389,0.881,False,18.298,2.984,False,151-666
papulacandin,PAPU-0075,Fusacandin analog 6e,1033.1,0.546,3.5164,0.03516,0.886,False,19.198,2.984,False,151-666
papulacandin,PAPU-0076,Fusacandin analog 6f,1027.1,0.532,3.401,0.03401,0.834,False,18.427,2.984,False,151-666
papulacandin,PAPU-0077,Fusacandin analog 6g,1027.1,0.532,3.401,0.03401,0.834,False,18.427,2.984,False,151-666
papulacandin,PAPU-0078,Fusacandin analog 6h,1051.1,0.546,3.5183,0.03518,0.815,False,18.712,2.984,False,151-666
papulacandin,PAPU-0079,Fusacandin analog 6i,1077.1,0.567,3.6869,0.03687,0.746,False,18.777,2.984,False,151-666
papulacandin,PAPU-0080,Fusacandin analog 6j,1053.1,0.543,3.4875,0.03488,0.816,False,18.787,2.984,False,151-666
papulacandin,PAPU-0081,Fusacandin analog 6k,1129.2,0.303,2.0083,0.02008,0.701,False,19.629,2.984,False,151-666
papulacandin,PAPU-0082,Fusacandin analog 6l,1069.1,0.531,3.3971,0.03397,0.823,False,19.509,2.984,False,151-666
papulacandin,PAPU-0083,Fusacandin analog 6m,1081.2,0.518,3.2985,0.03298,0.821,False,19.219,2.984,False,151-666
papulacandin,PAPU-0084,Fusacandin analog 6n,1083.1,0.527,3.3685,0.03369,0.829,False,19.664,2.984,False,151-666
papulacandin,PAPU-0085,Fusacandin analog 6o,1111.2,0.491,3.0969,0.03097,0.812,False,20.284,2.984,False,151-666
papulacandin,PAPU-0086,Fusacandin analog 6p,1125.2,0.494,3.1166,0.03117,0.815,False,20.046,2.984,False,151-666
papulacandin,PAPU-0087,Fusacandin analog 6q,1181.3,0.166,1.4651,0.01465,0.794,False,22.085,2.984,False,151-666
papulacandin,PAPU-0088,Fusacandin analog 6r,1159.2,0.379,2.3912,0.02391,0.742,False,20.717,2.984,False,151-666
papulacandin,PAPU-0089,Fusacandin analog 6s,1083.1,0.527,3.3685,0.03369,0.829,False,19.664,2.984,False,151-666
papulacandin,PAPU-0090,Fusacandin analog 6t,1083.1,0.527,3.3685,0.03369,0.829,False,19.664,2.984,False,151-666
papulacandin,PAPU-0091,Fusacandin analog 6u,1069.1,0.535,3.4252,0.03425,0.827,False,20.035,2.984,False,151-666
papulacandin,PAPU-0092,Corynecandin,808.9,0.476,2.9934,0.02993,0.887,False,13.046,2.984,False,151-666
papulacandin,PAPU-0093,Saricandin Papulacandin D analog 1,546.6,0.415,2.6008,0.02601,0.879,False,5.48,2.984,True,151-666
papulacandin,PAPU-0094,F-10748 A1,738.8,0.546,3.5123,0.03512,0.904,False,11.458,2.984,False,151-666
papulacandin,PAPU-0095,F-10748 A2,740.8,0.504,3.1879,0.03188,0.906,False,12.592,2.984,False,151-666
papulacandin,PAPU-0096,F-10748 B1,808.9,0.506,3.2037,0.03204,0.88,False,12.043,2.984,False,151-666
papulacandin,PAPU-0097,F-10748 B2,810.9,0.464,2.9136,0.02914,0.883,False,13.297,2.984,False,151-666
papulacandin,PAPU-0098,F-10748 C1,822.9,0.503,3.1816,0.03182,0.881,False,12.341,2.984,False,151-666
papulacandin,PAPU-0099,F-10748 C2,825.0,0.453,2.8371,0.02837,0.877,False,13.592,2.984,False,151-666
papulacandin,PAPU-0100,F-10748 D1,837.0,0.186,1.5346,0.01535,0.923,False,12.665,2.984,False,151-666
papulacandin,PAPU-0101,F-10748 D2,839.0,0.238,1.7313,0.01731,0.943,False,13.905,2.984,False,151-666
papulacandin,PAPU-0102,Papulacandin D sorbic acid mimic 48,394.4,0.803,6.3545,0.06354,0.9,False,4.59,2.984,True,151-666
papulacandin,PAPU-0103,Papulacandin D palmitic acid mimic 49,538.7,0.094,1.2412,0.01241,0.867,False,6.172,2.984,True,151-666
papulacandin,PAPU-0104,Papulacandin D linoleic acid mimic 50,562.7,0.062,1.1531,0.01153,0.831,False,6.183,2.984,True,151-666
papulacandin,PAPU-0105,Papulacandin D all-trans-retinoic acid mimic 51,580.7,-0.129,0.743,0.00743,0.826,False,4.58,2.984,True,151-666
papulacandin,PAPU-0106,"4-formyl-2-methoxyphenyl 2,3,4,6-tetra-O-acetyl-beta-D-glucopyranoside 6",482.4,0.483,3.039,0.03039,0.932,False,5.537,2.984,True,151-666
papulacandin,PAPU-0107,"3-formylphenyl 2,3,4,6-tetra-O-acetyl-beta-D-glucopyranoside 7",452.4,0.615,4.1208,0.04121,0.827,False,5.002,2.984,True,151-666
papulacandin,PAPU-0108,4-formyl-2-methoxyphenyl beta-D-glucopyranoside 8,314.3,1.54,34.6507,0.34651,0.543,False,4.302,2.984,True,151-666
papulacandin,PAPU-0109,3-formylphenyl beta-D-glucopyranoside 9,284.3,1.622,41.8717,0.41872,0.483,False,3.786,2.984,True,151-666
papulacandin,PAPU-0110,"4-formyl-2-methoxyphenyl 4,6-O-benzylidene-beta-D-glucopyranoside 10",402.4,0.923,8.3764,0.08376,0.712,True,2.469,2.984,True,151-666
papulacandin,PAPU-0111,"3-formylphenyl 4,6-O-benzylidene-beta-D-glucopyranoside 11",372.4,1.188,15.4001,0.154,0.598,True,2.285,2.984,True,151-666
papulacandin,PAPU-0112,"4-formyl-2-methoxyphenyl 3-O-palmitoyl-4,6-O-benzylidene-beta-D-glucopyranoside 12",640.8,0.18,1.5143,0.01514,0.798,False,7.347,2.984,True,151-666
papulacandin,PAPU-0113,"4-formyl-2-methoxyphenyl 2-O-palmitoyl-4,6-O-benzylidene-beta-D-glucopyranoside 13",640.8,0.18,1.5143,0.01514,0.798,False,7.347,2.984,True,151-666
papulacandin,PAPU-0114,"4-formyl-2-methoxyphenyl 2,3-di-O-palmitoyl-4,6-O-benzylidene-beta-D-glucopyranoside 14",879.2,0.06,1.1486,0.01149,0.812,False,16.583,2.984,False,151-666
papulacandin,PAPU-0115,"3-formylphenyl 3-O-palmitoyl-4,6-O-benzylidene-beta-D-glucopyranoside 15",610.8,0.156,1.4338,0.01434,0.8,False,6.707,2.984,True,151-666
papulacandin,PAPU-0116,"3-formylphenyl 2-O-palmitoyl-4,6-O-benzylidene-beta-D-glucopyranoside 16",610.8,0.156,1.4338,0.01434,0.8,False,6.707,2.984,True,151-666
papulacandin,PAPU-0117,"3-formylphenyl 2,3-di-O-palmitoyl-4,6-O-benzylidene-beta-D-glucopyranoside 17",849.2,0.036,1.0858,0.01086,0.806,False,15.995,2.984,False,151-666
papulacandin,PAPU-0118,4-formyl-2-methoxyphenyl 3-O-palmitoyl-beta-D-glucopyranoside 18,552.7,0.015,1.0351,0.01035,0.798,False,7.172,2.984,True,151-666
papulacandin,PAPU-0119,4-formyl-2-methoxyphenyl 2-O-palmitoyl-beta-D-glucopyranoside 19,552.7,0.015,1.0351,0.01035,0.798,False,7.172,2.984,True,151-666
papulacandin,PAPU-0120,"4-formyl-2-methoxyphenyl 2,3-di-O-palmitoyl-beta-D-glucopyranoside 20",791.1,-0.04,0.9122,0.00912,0.81,False,15.625,2.984,False,151-666
papulacandin,PAPU-0121,3-formylphenyl 3-O-palmitoyl-beta-D-glucopyranoside 21,522.7,-0.002,0.9962,0.00996,0.813,False,6.465,2.984,True,151-666
papulacandin,PAPU-0122,3-formylphenyl 2-O-palmitoyl-beta-D-glucopyranoside 22,522.7,-0.002,0.9962,0.00996,0.813,False,6.465,2.984,True,151-666
papulacandin,PAPU-0123,"3-formylphenyl 2,3-di-O-palmitoyl-beta-D-glucopyranoside 23",761.1,-0.029,0.9359,0.00936,0.806,False,14.958,2.984,False,151-666
papulacandin,PAPU-0124,Pestiocandin,835.0,0.451,2.8256,0.02826,0.885,False,13.81,2.984,False,151-666
papulacandin,PAPU-0125,4-formyl-2-methoxyphenyl 3-O-[3-[(E-4-allyloxycinnamoyl)amino]benzoyl]-beta-D-glucopyranoside 1,619.6,0.408,2.5562,0.02556,0.674,False,4.833,2.984,True,151-666
papulacandin,PAPU-0126,4-formyl-2-methoxyphenyl 3-O-[3-[(E-3-allyloxycinnamoyl)amino]benzoyl]-beta-D-glucopyranoside 2,619.6,0.408,2.5562,0.02556,0.674,False,4.833,2.984,True,151-666
papulacandin,PAPU-0127,Pestiorosin A,806.9,0.485,3.0583,0.03058,0.891,False,13.213,2.984,False,151-666
papulacandin,PAPU-0128,Pestiorosin B,782.9,0.497,3.1383,0.03138,0.898,False,13.146,2.984,False,151-666
papulacandin,PAPU-0129,Pestiorosin C,804.9,0.486,3.0609,0.03061,0.884,False,12.987,2.984,False,151-666
papulacandin,PAPU-0130,Pestiorosin D,832.9,0.303,2.0109,0.02011,0.951,False,12.587,2.984,False,151-666
papulacandin,PAPU-0131,Pestiorosin E,804.9,0.513,3.2548,0.03255,0.884,False,11.974,2.984,False,151-666
papulacandin,PAPU-0132,Pestiorosin F,802.9,0.527,3.3655,0.03365,0.882,False,11.763,2.984,False,151-666
papulacandin,PAPU-0133,Papulacandin G (Agudelo-Restrepo 2026),863.0,0.118,1.3116,0.01312,0.864,False,13.085,2.984,False,151-666
papulacandin,PAPU-0134,Papulacandin F,848.9,0.528,3.3703,0.0337,0.89,False,13.723,2.984,False,151-666
papulacandin,PAPU-0135,Papulacandin G (Wu 2025),652.6,0.542,3.4854,0.03485,0.897,False,10.768,2.984,True,151-666
papulacandin,PAPU-0136,"4-formyl-2-methoxyphenyl 2,3-di-O-[3-[(E-4-allyloxycinnamoyl)amino]benzoyl]-beta-D-glucopyranoside 19b",925.0,-0.045,0.9023,0.00902,0.692,False,10.858,2.984,False,151-666
papulacandin,PAPU-0137,"3-formylphenyl 2,3-di-O-[3-[(E-4-allyloxycinnamoyl)amino]benzoyl]-beta-D-glucopyranoside 20b",894.9,-0.107,0.7824,0.00782,0.703,False,9.981,2.984,False,151-666
papulacandin,PAPU-0138,"4-formyl-2-methoxyphenyl 3-O-[3-[(E-4-allyloxycinnamoyl)amino]benzoyl]-4,6-O-benzylidene-beta-D-glucopyranoside 8",707.7,0.098,1.2537,0.01254,0.66,False,4.239,2.984,False,151-666
papulacandin,PAPU-0139,"4-formyl-2-methoxyphenyl 2-O-[3-[(E-4-allyloxycinnamoyl)amino]benzoyl]-4,6-O-benzylidene-beta-D-glucopyranoside 8.1",707.7,0.098,1.2537,0.01254,0.66,False,4.239,2.984,False,151-666
papulacandin,PAPU-0140,"4-formyl-2-methoxyphenyl 2,3-di-O-[3-[(E-4-allyloxycinnamoyl)amino]benzoyl]-4,6-O-benzylidene-beta-D-glucopyranoside 8.2",1013.1,0.05,1.1226,0.01123,0.698,False,12.382,2.984,False,151-666
echinocandin,EXT-FKS-0001,CASPOFUNGIN,1093.3,0.543,3.4875,0.03487,0.903,False,23.556,2.984,False,151-666
echinocandin,EXT-FKS-0002,ANIDULAFUNGIN,1140.3,0.6,3.979,0.03979,0.765,False,20.237,2.984,False,151-666
echinocandin,EXT-FKS-0003,MICAFUNGIN,1270.3,0.605,4.0289,0.04029,0.768,False,27.368,2.984,False,151-666
echinocandin,EXT-FKS-0016,CHEMBL3760049,1140.3,0.6,3.979,0.03979,0.765,False,20.237,2.984,False,151-666
echinocandin,EXT-FKS-0017,ACULEACIN A,1036.2,0.543,3.4875,0.03487,0.903,False,20.094,2.984,False,151-666
echinocandin,EXT-FKS-0018,CILOFUNGIN,1030.1,0.546,3.5129,0.03513,0.886,False,19.824,2.984,False,151-666
echinocandin,EXT-FKS-0020,CHEMBL4764856,716.0,0.007,1.016,0.01016,0.824,False,6.669,2.984,False,151-666
echinocandin,EXT-FKS-0022,CHEMBL3037784,1065.2,0.543,3.4875,0.03487,0.903,False,22.188,2.984,False,151-666
echinocandin,EXT-FKS-0023,ENFUMAFUNGIN,708.9,0.176,1.5014,0.01501,0.93,False,8.947,2.984,False,151-666
echinocandin,EXT-FKS-0027,CHEMBL2387203,1079.3,0.543,3.4875,0.03487,0.903,False,22.265,2.984,False,151-666
echinocandin,EXT-FKS-0028,IBREXAFUNGERP,730.1,0.007,1.016,0.01016,0.824,False,6.956,2.984,False,151-666
echinocandin,EXT-FKS-0035,CHEMBL437803,1051.2,0.543,3.4875,0.03487,0.903,False,21.624,2.984,False,151-666
echinocandin,EXT-FKS-0043,FR-901469,1533.8,0.543,3.4875,0.03487,0.903,False,35.469,2.984,False,151-666
echinocandin,EXT-FKS-0044,Echinocandin B,1109.1,0.546,3.5123,0.03512,0.904,False,26.153,2.984,False,151-666
echinocandin,EXT-FKS-0050,CHEMBL267988,1065.2,0.543,3.4875,0.03487,0.903,False,22.188,2.984,False,151-666
echinocandin,EXT-FKS-0051,CHEMBL385455,1208.5,0.543,3.4875,0.03487,0.903,False,27.311,2.984,False,151-666
echinocandin,EXT-FKS-0052,CHEMBL405670,1094.3,0.543,3.4875,0.03487,0.903,False,22.897,2.984,False,151-666
echinocandin,EXT-FKS-0053,CHEMBL407395,1151.3,0.543,3.4875,0.03487,0.903,False,26.011,2.984,False,151-666
echinocandin,EXT-FKS-0054,CHEMBL412195,1180.3,0.546,3.5123,0.03512,0.904,False,26.572,2.984,False,151-666
echinocandin,EXT-FKS-0055,CHEMBL414690,1137.3,0.543,3.4875,0.03487,0.903,False,25.836,2.984,False,151-666
echinocandin,EXT-FKS-0069,CHEMBL1793852,1093.3,0.543,3.4875,0.03487,0.903,False,23.556,2.984,False,151-666
echinocandin,EXT-FKS-0070,CHEMBL2371681,1777.1,0.543,3.4875,0.03487,0.903,False,44.411,2.984,False,151-666
echinocandin,EXT-FKS-0071,CHEMBL2371765,1734.1,0.543,3.4875,0.03487,0.903,False,43.067,2.984,False,151-666
echinocandin,EXT-FKS-0072,CHEMBL261821,1078.2,0.543,3.4875,0.03487,0.903,False,21.317,2.984,False,151-666
echinocandin,EXT-FKS-0073,CHEMBL262998,1110.2,0.543,3.4875,0.03487,0.903,False,23.989,2.984,False,151-666
echinocandin,EXT-FKS-0074,CHEMBL263952,1145.4,0.546,3.5123,0.03512,0.904,False,21.925,2.984,False,151-666
echinocandin,EXT-FKS-0075,CHEMBL264601,1075.3,0.543,3.4875,0.03487,0.903,False,20.079,2.984,False,151-666
echinocandin,EXT-FKS-0076,CHEMBL267407,1791.2,0.543,3.4875,0.03487,0.903,False,44.653,2.984,False,151-666
echinocandin,EXT-FKS-0077,CHEMBL268666,1091.3,0.543,3.4875,0.03487,0.903,False,21.07,2.984,False,151-666
echinocandin,EXT-FKS-0078,CHEMBL268721,1080.2,0.543,3.4875,0.03487,0.903,False,23.609,2.984,False,151-666
echinocandin,EXT-FKS-0079,CHEMBL384968,1191.1,0.543,3.4875,0.03487,0.903,False,22.776,2.984,False,151-666
echinocandin,EXT-FKS-0080,CHEMBL385431,1061.2,0.546,3.5123,0.03512,0.904,False,20.426,2.984,False,151-666
echinocandin,EXT-FKS-0081,CHEMBL385665,1073.3,0.546,3.5123,0.03512,0.904,False,20.079,2.984,False,151-666
echinocandin,EXT-FKS-0082,CHEMBL386826,1074.2,0.543,3.4875,0.03487,0.903,False,21.128,2.984,False,151-666
echinocandin,EXT-FKS-0083,CHEMBL406357,1075.3,0.536,3.4352,0.03435,0.895,False,20.369,2.984,False,151-666
echinocandin,EXT-FKS-0084,CHEMBL406668,1154.3,0.543,3.4875,0.03487,0.903,False,25.322,2.984,False,151-666
echinocandin,EXT-FKS-0085,CHEMBL407083,1317.0,0.543,3.4875,0.03487,0.903,False,23.477,2.984,False,151-666
echinocandin,EXT-FKS-0086,CHEMBL408285,1049.2,0.543,3.4875,0.03487,0.903,False,20.791,2.984,False,151-666
echinocandin,EXT-FKS-0087,CHEMBL408469,1106.2,0.543,3.4875,0.03487,0.903,False,23.774,2.984,False,151-666
echinocandin,EXT-FKS-0088,CHEMBL410837,1059.3,0.546,3.5123,0.03512,0.904,False,19.799,2.984,False,151-666
echinocandin,EXT-FKS-0089,CHEMBL412499,1061.3,0.543,3.4875,0.03487,0.903,False,19.848,2.984,False,151-666
echinocandin,EXT-FKS-0090,CHEMBL413522,1048.2,0.543,3.4875,0.03487,0.903,False,20.907,2.984,False,151-666
echinocandin,EXT-FKS-0091,CHEMBL415669,1159.1,0.543,3.4875,0.03487,0.903,False,20.165,2.984,False,151-666
echinocandin,EXT-FKS-0092,CHEMBL415843,1791.2,0.543,3.4875,0.03487,0.903,False,44.653,2.984,False,151-666
echinocandin,EXT-FKS-0093,CHEMBL428264,1033.2,0.543,3.4875,0.03487,0.903,False,19.534,2.984,False,151-666
echinocandin,EXT-FKS-0094,CHEMBL439260,1122.3,0.543,3.4875,0.03487,0.903,False,24.165,2.984,False,151-666
echinocandin,EXT-FKS-0095,CHEMBL441213,1077.3,0.543,3.4875,0.03487,0.903,False,21.364,2.984,False,151-666
echinocandin,EXT-FKS-0110,CHEMBL1253514,597.8,0.012,1.0281,0.01028,0.812,False,6.532,2.984,True,151-666
echinocandin,EXT-FKS-0111,CHEMBL1254586,509.6,0.425,2.6629,0.02663,0.93,False,6.797,2.984,True,151-666
echinocandin,EXT-FKS-0112,CHEMBL1254587,395.5,0.575,3.7591,0.03759,0.925,False,4.182,2.984,True,151-666
echinocandin,EXT-FKS-0113,CHEMBL1254665,496.6,0.355,2.2627,0.02263,0.947,False,6.261,2.984,True,151-666
echinocandin,EXT-FKS-0114,CHEMBL1254666,510.6,0.458,2.8728,0.02873,0.918,False,6.656,2.984,True,151-666
echinocandin,EXT-FKS-0115,CHEMBL1254748,497.6,0.072,1.1803,0.0118,0.774,False,5.245,2.984,True,151-666
echinocandin,EXT-FKS-0116,CHEMBL1254749,383.5,0.057,1.1408,0.01141,0.648,False,3.236,2.984,True,151-666
echinocandin,EXT-FKS-0117,CHEMBL1254833,484.6,0.067,1.1674,0.01167,0.789,False,4.504,2.984,True,151-666
echinocandin,EXT-FKS-0118,CHEMBL1254834,498.6,0.153,1.4237,0.01424,0.745,False,5.01,2.984,True,151-666
echinocandin,EXT-FKS-0119,CHEMBL1254920,540.7,0.014,1.0338,0.01034,0.849,False,4.923,2.984,True,151-666
echinocandin,EXT-FKS-0120,CHEMBL1255007,554.7,0.018,1.0417,0.01042,0.796,False,5.076,2.984,True,151-666
echinocandin,EXT-FKS-0121,CHEMBL1684737,495.6,0.767,5.8433,0.05843,0.727,True,2.68,2.984,True,151-666
echinocandin,EXT-FKS-0122,CHEMBL1684744,498.6,0.584,3.8394,0.03839,0.721,True,2.964,2.984,True,151-666
echinocandin,EXT-FKS-0123,CHEMBL1770510,529.1,0.504,3.1891,0.03189,0.603,True,2.776,2.984,True,151-666
echinocandin,EXT-FKS-0124,CHEMBL2371715,1705.0,0.543,3.4875,0.03487,0.903,False,41.434,2.984,False,151-666
echinocandin,EXT-FKS-0125,CHEMBL2371727,1705.0,0.543,3.4875,0.03487,0.903,False,41.434,2.984,False,151-666
echinocandin,EXT-FKS-0126,CHEMBL2371766,1734.1,0.543,3.4875,0.03487,0.903,False,43.067,2.984,False,151-666
echinocandin,EXT-FKS-0127,CHEMBL265537,1165.4,0.543,3.4875,0.03487,0.903,False,26.002,2.984,False,151-666
echinocandin,EXT-FKS-0128,CHEMBL265871,1180.4,0.543,3.4875,0.03487,0.903,False,26.891,2.984,False,151-666
echinocandin,EXT-FKS-0129,CHEMBL266048,1051.2,0.543,3.4875,0.03487,0.903,False,21.651,2.984,False,151-666
echinocandin,EXT-FKS-0130,CHEMBL269275,1093.3,0.543,3.4875,0.03487,0.903,False,22.254,2.984,False,151-666
echinocandin,EXT-FKS-0131,CHEMBL3693938,509.5,0.248,1.7703,0.0177,0.602,True,2.263,2.984,True,151-666
echinocandin,EXT-FKS-0132,CHEMBL3693939,453.6,0.387,2.44,0.0244,0.539,True,1.462,2.984,True,151-666
echinocandin,EXT-FKS-0133,CHEMBL3693940,441.5,0.526,3.3574,0.03357,0.557,True,1.597,2.984,True,151-666
echinocandin,EXT-FKS-0134,CHEMBL3693941,594.6,0.201,1.5886,0.01589,0.612,False,3.097,2.984,True,151-666
echinocandin,EXT-FKS-0135,CHEMBL3693942,493.0,0.356,2.2693,0.02269,0.626,True,2.075,2.984,True,151-666
echinocandin,EXT-FKS-0136,CHEMBL3693943,544.5,0.503,3.1844,0.03184,0.559,True,2.377,2.984,True,151-666
echinocandin,EXT-FKS-0137,CHEMBL3693944,493.0,0.356,2.2693,0.02269,0.626,True,2.075,2.984,True,151-666
echinocandin,EXT-FKS-0138,CHEMBL385234,1194.4,0.543,3.4875,0.03487,0.903,False,27.094,2.984,False,151-666
echinocandin,EXT-FKS-0139,CHEMBL387213,1151.4,0.543,3.4875,0.03487,0.903,False,25.809,2.984,False,151-666
echinocandin,EXT-FKS-0140,CHEMBL387275,1076.3,0.543,3.4875,0.03487,0.903,False,21.461,2.984,False,151-666
echinocandin,EXT-FKS-0141,CHEMBL396607,658.7,0.479,3.0126,0.03013,0.807,False,8.747,2.984,True,151-666
echinocandin,EXT-FKS-0142,CHEMBL396608,671.8,0.386,2.4309,0.02431,0.864,False,9.348,2.984,False,151-666
echinocandin,EXT-FKS-0143,CHEMBL405180,1145.4,0.546,3.5123,0.03512,0.904,False,21.925,2.984,False,151-666
echinocandin,EXT-FKS-0144,CHEMBL405487,1619.9,0.543,3.4875,0.03487,0.903,False,38.577,2.984,False,151-666
echinocandin,EXT-FKS-0145,CHEMBL407924,1647.9,0.543,3.4875,0.03487,0.903,False,39.897,2.984,False,151-666
echinocandin,EXT-FKS-0146,CHEMBL410953,1179.4,0.543,3.4875,0.03487,0.903,False,26.207,2.984,False,151-666
echinocandin,EXT-FKS-0147,CHEMBL412243,672.7,0.46,2.8836,0.02884,0.803,False,9.293,2.984,False,151-666
echinocandin,EXT-FKS-0148,CHEMBL412790,1164.4,0.543,3.4875,0.03487,0.903,False,24.741,2.984,False,151-666
echinocandin,EXT-FKS-0149,CHEMBL413199,1170.3,0.598,3.9657,0.03966,0.767,False,20.34,2.984,False,151-666
echinocandin,EXT-FKS-0150,CHEMBL413521,1222.5,0.543,3.4875,0.03487,0.903,False,27.54,2.984,False,151-666
echinocandin,EXT-FKS-0151,CHEMBL414288,1150.4,0.543,3.4875,0.03487,0.903,False,24.516,2.984,False,151-666
echinocandin,EXT-FKS-0152,CHEMBL414362,1178.4,0.543,3.4875,0.03487,0.903,False,24.981,2.984,False,151-666
echinocandin,EXT-FKS-0153,CHEMBL428614,1108.3,0.543,3.4875,0.03487,0.903,False,23.907,2.984,False,151-666
echinocandin,EXT-FKS-0154,CHEMBL429520,1122.3,0.543,3.4875,0.03487,0.903,False,24.095,2.984,False,151-666
echinocandin,EXT-FKS-0155,CHEMBL437250,1136.4,0.543,3.4875,0.03487,0.903,False,24.298,2.984,False,151-666
echinocandin,EXT-FKS-0156,CHEMBL438185,1117.3,0.546,3.5123,0.03512,0.904,False,21.394,2.984,False,151-666
echinocandin,EXT-FKS-0157,CHEMBL438381,1137.3,0.543,3.4875,0.03487,0.903,False,25.625,2.984,False,151-666
echinocandin,EXT-FKS-0158,CHEMBL438668,557.6,0.188,1.5419,0.01542,0.793,False,5.33,2.984,True,151-666
echinocandin,EXT-FKS-0159,CHLOROGENIC ACID,354.3,1.135,13.6422,0.13642,0.742,False,5.407,2.984,True,151-666
echinocandin,EXT-FKS-0171,CHEMBL269311,1065.2,0.543,3.4875,0.03487,0.903,False,22.188,2.984,False,151-666
echinocandin,EXT-FKS-0191,CHEMBL5414434,690.9,0.41,2.5725,0.02573,0.971,False,9.15,2.984,False,151-666
echinocandin,EXT-FKS-0192,CHEMBL5426159,666.8,0.615,4.1239,0.04124,0.877,False,9.165,2.984,False,151-666
echinocandin,EXT-FKS-0194,CHALCONE,208.3,0.667,4.6477,0.04648,0.619,False,3.683,2.984,True,151-666
echinocandin,EXT-FKS-0197,CHEMBL217306,1129.3,0.543,3.4875,0.03487,0.903,False,22.993,2.984,False,151-666
echinocandin,EXT-FKS-0198,CHEMBL218395,1047.2,0.543,3.4875,0.03487,0.903,False,20.757,2.984,False,151-666
echinocandin,EXT-FKS-0199,CHEMBL263950,1093.3,0.543,3.4875,0.03487,0.903,False,22.228,2.984,False,151-666
echinocandin,EXT-FKS-0200,CHEMBL266683,1094.3,0.543,3.4875,0.03487,0.903,False,20.953,2.984,False,151-666
echinocandin,EXT-FKS-0201,CHEMBL385931,1093.3,0.543,3.4875,0.03487,0.903,False,23.624,2.984,False,151-666
echinocandin,EXT-FKS-0202,CHEMBL386918,1049.2,0.543,3.4875,0.03487,0.903,False,20.516,2.984,False,151-666
echinocandin,EXT-FKS-0203,CHEMBL407122,1049.3,0.543,3.4875,0.03487,0.903,False,19.677,2.984,False,151-666
echinocandin,EXT-FKS-0204,CHEMBL408771,1048.2,0.543,3.4875,0.03487,0.903,False,20.702,2.984,False,151-666
echinocandin,EXT-FKS-0205,CHEMBL408820,1065.3,0.543,3.4875,0.03487,0.903,False,21.622,2.984,False,151-666
echinocandin,EXT-FKS-0206,CHEMBL412347,1015.2,0.543,3.4875,0.03487,0.903,False,18.129,2.984,False,151-666
echinocandin,EXT-FKS-0207,CHEMBL412847,1161.4,0.543,3.4875,0.03487,0.903,False,22.154,2.984,False,151-666
echinocandin,EXT-FKS-0208,CHEMBL413520,1020.2,0.543,3.4875,0.03487,0.903,False,18.892,2.984,False,151-666
echinocandin,EXT-FKS-0209,CHEMBL413949,1048.2,0.543,3.4875,0.03487,0.903,False,18.865,2.984,False,151-666
echinocandin,EXT-FKS-0210,CHEMBL428110,1079.3,0.543,3.4875,0.03487,0.903,False,20.995,2.984,False,151-666
echinocandin,EXT-FKS-0211,CHEMBL428798,1034.2,0.543,3.4875,0.03487,0.903,False,19.335,2.984,False,151-666
echinocandin,EXT-FKS-0212,CHEMBL437438,1033.2,0.543,3.4875,0.03487,0.903,False,19.534,2.984,False,151-666
echinocandin,EXT-FKS-0213,CHEMBL442306,1147.4,0.543,3.4875,0.03487,0.903,False,22.572,2.984,False,151-666
echinocandin,EXT-FKS-0214,CHEMBL1790210,1235.8,0.45,2.8188,0.02819,0.907,False,30.244,2.984,False,151-666
echinocandin,EXT-FKS-0218,CHEMBL412839,1094.3,0.543,3.4875,0.03487,0.903,False,22.871,2.984,False,151-666
echinocandin,EXT-FKS-0219,CHEMBL412976,1108.3,0.543,3.4875,0.03487,0.903,False,23.438,2.984,False,151-666
echinocandin,EXT-FKS-0222,CHEMBL1684735,481.6,0.58,3.804,0.03804,0.817,True,2.41,2.984,True,151-666
echinocandin,EXT-FKS-0223,CHEMBL1684736,418.5,1.228,16.9131,0.16913,0.528,True,2.083,2.984,True,151-666
echinocandin,EXT-FKS-0224,CHEMBL1684738,492.6,0.562,3.6458,0.03646,0.629,True,2.431,2.984,True,151-666
echinocandin,EXT-FKS-0225,CHEMBL1684739,508.6,0.55,3.5478,0.03548,0.623,True,2.668,2.984,True,151-666
echinocandin,EXT-FKS-0226,CHEMBL1684740,494.6,0.495,3.1278,0.03128,0.693,True,2.548,2.984,True,151-666
echinocandin,EXT-FKS-0227,CHEMBL1684741,511.6,0.616,4.1297,0.0413,0.671,True,2.812,2.984,True,151-666
echinocandin,EXT-FKS-0228,CHEMBL1684742,508.7,0.448,2.8031,0.02803,0.595,True,2.8,2.984,True,151-666
echinocandin,EXT-FKS-0229,CHEMBL1684743,524.7,0.484,3.046,0.03046,0.59,False,3.136,2.984,True,151-666
echinocandin,EXT-FKS-0230,CHEMBL1684745,540.8,0.268,1.8526,0.01853,0.577,False,3.233,2.984,True,151-666
echinocandin,EXT-FKS-0231,CHEMBL1684746,556.8,0.496,3.1323,0.03132,0.58,False,3.36,2.984,True,151-666
echinocandin,EXT-FKS-0232,CHEMBL1684747,572.8,0.41,2.5695,0.0257,0.63,False,3.523,2.984,True,151-666
echinocandin,EXT-FKS-0233,CHEMBL1684748,522.7,0.557,3.6046,0.03605,0.596,True,2.737,2.984,True,151-666
echinocandin,EXT-FKS-0234,CHEMBL1684749,522.7,0.557,3.6046,0.03605,0.596,True,2.737,2.984,True,151-666
echinocandin,EXT-FKS-0235,CHEMBL1684750,522.7,0.557,3.6046,0.03605,0.596,True,2.737,2.984,True,151-666
echinocandin,EXT-FKS-0236,CHEMBL1684880,520.7,0.548,3.5355,0.03536,0.618,False,3.133,2.984,True,151-666
echinocandin,EXT-FKS-0237,CHEMBL1684881,495.6,0.604,4.0218,0.04022,0.71,True,2.665,2.984,True,151-666
echinocandin,EXT-FKS-0238,CHEMBL1684882,495.6,0.604,4.0218,0.04022,0.71,True,2.665,2.984,True,151-666
echinocandin,EXT-FKS-0239,CHEMBL1684883,480.6,0.493,3.1096,0.0311,0.756,True,2.317,2.984,True,151-666
echinocandin,EXT-FKS-0240,CHEMBL1684884,446.6,0.987,9.7119,0.09712,0.636,True,2.317,2.984,True,151-666
echinocandin,EXT-FKS-0241,CHEMBL1684885,452.6,0.517,3.2875,0.03287,0.929,False,3.546,2.984,True,151-666
echinocandin,EXT-FKS-0242,CHEMBL1684886,447.6,0.918,8.2841,0.08284,0.729,True,2.653,2.984,True,151-666
echinocandin,EXT-FKS-0243,CHEMBL1684887,453.6,0.945,8.8008,0.08801,0.696,False,3.062,2.984,True,151-666
echinocandin,EXT-FKS-0244,CHEMBL1684888,464.6,0.984,9.6444,0.09644,0.653,True,2.506,2.984,True,151-666
echinocandin,EXT-FKS-0245,CHEMBL1684889,481.0,0.468,2.9355,0.02936,0.882,True,2.618,2.984,True,151-666
echinocandin,EXT-FKS-0246,CHEMBL1684890,482.6,0.85,7.0722,0.07072,0.822,True,2.783,2.984,True,151-666
echinocandin,EXT-FKS-0247,CHEMBL1684891,499.0,0.491,3.0939,0.03094,0.904,True,2.921,2.984,True,151-666
echinocandin,EXT-FKS-0248,CHEMBL1684892,515.5,0.488,3.078,0.03078,0.844,False,3.114,2.984,True,151-666
echinocandin,EXT-FKS-0249,CHEMBL1684893,462.6,0.863,7.2999,0.073,0.737,True,2.524,2.984,True,151-666
echinocandin,EXT-FKS-0250,CHEMBL1684894,461.6,0.886,7.6947,0.07695,0.742,True,2.585,2.984,True,151-666
echinocandin,EXT-FKS-0251,CHEMBL1684895,482.6,0.848,7.0402,0.0704,0.82,True,2.781,2.984,True,151-666
echinocandin,EXT-FKS-0252,CHEMBL1684896,500.5,0.841,6.9373,0.06937,0.843,False,3.124,2.984,True,151-666
echinocandin,EXT-FKS-0253,CHEMBL1684897,500.5,0.877,7.5372,0.07537,0.81,False,3.119,2.984,True,151-666
echinocandin,EXT-FKS-0254,CHEMBL1684898,518.5,0.731,5.3827,0.05383,0.853,False,3.515,2.984,True,151-666
echinocandin,EXT-FKS-0255,CHEMBL1770155,482.6,0.172,1.4857,0.01486,0.753,True,2.586,2.984,True,151-666
echinocandin,EXT-FKS-0256,CHEMBL1770496,512.6,0.608,4.0561,0.04056,0.708,True,2.979,2.984,True,151-666
echinocandin,EXT-FKS-0257,CHEMBL1770497,586.7,0.667,4.6462,0.04646,0.679,False,4.638,2.984,True,151-666
echinocandin,EXT-FKS-0258,CHEMBL1770498,480.6,0.309,2.0366,0.02037,0.642,True,2.248,2.984,True,151-666
echinocandin,EXT-FKS-0259,CHEMBL1770499,529.1,0.396,2.4894,0.02489,0.591,True,2.83,2.984,True,151-666
echinocandin,EXT-FKS-0260,CHEMBL1770500,504.6,0.436,2.7261,0.02726,0.587,True,2.222,2.984,True,151-666
echinocandin,EXT-FKS-0261,CHEMBL1770501,503.6,0.346,2.2165,0.02217,0.615,True,2.452,2.984,True,151-666
echinocandin,EXT-FKS-0262,CHEMBL1770502,495.0,0.448,2.8025,0.02802,0.891,True,2.877,2.984,True,151-666
echinocandin,EXT-FKS-0263,CHEMBL1770503,507.1,0.596,3.9487,0.03949,0.851,False,3.198,2.984,True,151-666
echinocandin,EXT-FKS-0264,CHEMBL1770504,497.0,0.609,4.0681,0.04068,0.878,False,3.138,2.984,True,151-666
echinocandin,EXT-FKS-0265,CHEMBL1770505,511.0,0.708,5.0997,0.051,0.805,False,3.103,2.984,True,151-666
echinocandin,EXT-FKS-0266,CHEMBL1770506,521.1,0.374,2.3669,0.02367,0.706,True,2.823,2.984,True,151-666
echinocandin,EXT-FKS-0267,CHEMBL1770507,515.0,0.6,3.9772,0.03977,0.614,True,2.632,2.984,True,151-666
echinocandin,EXT-FKS-0268,CHEMBL1770508,565.1,0.268,1.8525,0.01852,0.598,True,2.888,2.984,True,151-666
echinocandin,EXT-FKS-0269,CHEMBL1770509,568.1,0.484,3.0457,0.03046,0.597,True,2.853,2.984,True,151-666
echinocandin,EXT-FKS-0270,CHEMBL1770511,535.1,0.387,2.4403,0.0244,0.609,True,2.908,2.984,True,151-666
echinocandin,EXT-FKS-0271,CHEMBL1770512,543.1,0.478,3.006,0.03006,0.603,True,2.789,2.984,True,151-666
echinocandin,EXT-FKS-0272,CHEMBL1770513,555.1,0.557,3.6088,0.03609,0.64,False,3.267,2.984,True,151-666
echinocandin,EXT-FKS-0273,CHEMBL1770514,570.1,0.271,1.8649,0.01865,0.531,True,2.628,2.984,True,151-666
echinocandin,EXT-FKS-0274,CHEMBL1770515,557.1,0.506,3.2086,0.03209,0.576,True,2.845,2.984,True,151-666
echinocandin,EXT-FKS-0275,CHEMBL1770516,547.1,0.524,3.3455,0.03345,0.598,True,2.875,2.984,True,151-666
echinocandin,EXT-FKS-0276,CHEMBL1770660,573.1,0.415,2.5986,0.02599,0.593,True,2.437,2.984,True,151-666
echinocandin,EXT-FKS-0277,CHEMBL1770665,544.1,0.413,2.5895,0.0259,0.609,True,2.419,2.984,True,151-666
echinocandin,EXT-FKS-0278,CHEMBL2046596,484.0,0.453,2.8388,0.02839,0.924,True,2.629,2.984,True,151-666
echinocandin,EXT-FKS-0279,CHEMBL2046597,512.1,0.251,1.7804,0.0178,0.962,True,2.794,2.984,True,151-666
echinocandin,EXT-FKS-0280,CHEMBL2046598,512.1,0.253,1.7918,0.01792,0.962,True,2.966,2.984,True,151-666
echinocandin,EXT-FKS-0281,CHEMBL2046599,526.1,0.638,4.3453,0.04345,0.861,False,3.455,2.984,True,151-666
echinocandin,EXT-FKS-0282,CHEMBL2046600,498.0,-0.093,0.8078,0.00808,0.949,True,2.581,2.984,True,151-666
echinocandin,EXT-FKS-0283,CHEMBL2046601,456.0,0.496,3.1346,0.03135,0.87,True,2.516,2.984,True,151-666
echinocandin,EXT-FKS-0284,CHEMBL2046602,532.1,0.369,2.3392,0.02339,0.787,True,2.479,2.984,True,151-666
echinocandin,EXT-FKS-0285,CHEMBL2046603,546.1,0.355,2.262,0.02262,0.812,True,2.691,2.984,True,151-666
echinocandin,EXT-FKS-0286,CHEMBL2046604,546.1,0.363,2.3089,0.02309,0.829,True,2.93,2.984,True,151-666
echinocandin,EXT-FKS-0287,CHEMBL2046734,604.1,0.263,1.8326,0.01833,0.767,False,4.014,2.984,True,151-666
echinocandin,EXT-FKS-0288,CHEMBL2046735,606.1,0.297,1.9838,0.01984,0.76,False,4.246,2.984,True,151-666
echinocandin,EXT-FKS-0289,CHEMBL2046736,617.2,0.178,1.5049,0.01505,0.617,False,3.363,2.984,True,151-666
echinocandin,EXT-FKS-0290,CHEMBL2046737,547.1,0.383,2.4176,0.02418,0.823,False,3.121,2.984,True,151-666
echinocandin,EXT-FKS-0291,CHEMBL2046738,547.1,0.383,2.4176,0.02418,0.823,False,3.121,2.984,True,151-666
echinocandin,EXT-FKS-0292,CHEMBL2046739,603.2,0.194,1.5648,0.01565,0.614,False,3.268,2.984,True,151-666
echinocandin,EXT-FKS-0293,CHEMBL2046740,621.5,0.221,1.6623,0.01662,0.607,False,3.532,2.984,True,151-666
echinocandin,EXT-FKS-0294,CHEMBL2046741,579.1,0.284,1.9246,0.01925,0.795,False,3.723,2.984,True,151-666
echinocandin,EXT-FKS-0295,CHEMBL2046742,575.1,0.271,1.8671,0.01867,0.779,False,3.585,2.984,True,151-666
echinocandin,EXT-FKS-0296,CHEMBL2046743,591.1,0.27,1.8634,0.01863,0.796,False,4.206,2.984,True,151-666
echinocandin,EXT-FKS-0297,CHEMBL2046744,562.1,0.488,3.0781,0.03078,0.76,False,3.902,2.984,True,151-666
echinocandin,EXT-FKS-0298,CHEMBL2046745,575.1,0.26,1.8204,0.0182,0.763,False,3.591,2.984,True,151-666
echinocandin,EXT-FKS-0299,CHEMBL2046746,579.1,0.284,1.9246,0.01925,0.795,False,3.723,2.984,True,151-666
echinocandin,EXT-FKS-0300,CHEMBL2046747,575.1,0.271,1.8671,0.01867,0.779,False,3.585,2.984,True,151-666
echinocandin,EXT-FKS-0301,CHEMBL2046748,591.1,0.27,1.8634,0.01863,0.796,False,4.206,2.984,True,151-666
echinocandin,EXT-FKS-0302,CHEMBL2059384,530.6,0.536,3.4342,0.03434,0.627,True,2.874,2.984,True,151-666
echinocandin,EXT-FKS-0303,CHEMBL2059385,543.1,0.534,3.423,0.03423,0.586,True,2.807,2.984,True,151-666
echinocandin,EXT-FKS-0304,CHEMBL2059473,529.1,0.446,2.7948,0.02795,0.629,True,2.775,2.984,True,151-666
echinocandin,EXT-FKS-0305,CHEMBL2059474,547.1,0.523,3.3313,0.03331,0.61,True,2.893,2.984,True,151-666
echinocandin,EXT-FKS-0306,CHEMBL2059475,545.1,0.421,2.6338,0.02634,0.657,True,2.851,2.984,True,151-666
echinocandin,EXT-FKS-0307,CHEMBL2059476,545.1,0.594,3.9222,0.03922,0.632,True,2.566,2.984,True,151-666
echinocandin,EXT-FKS-0308,CHEMBL2059477,548.6,0.599,3.9753,0.03975,0.649,True,2.892,2.984,True,151-666
echinocandin,EXT-FKS-0309,CHEMBL2059478,592.1,0.135,1.3644,0.01364,0.533,True,2.7,2.984,True,151-666
echinocandin,EXT-FKS-0310,CHEMBL2059479,578.1,0.186,1.533,0.01533,0.53,True,2.713,2.984,True,151-666
echinocandin,EXT-FKS-0311,CHEMBL2059480,566.1,0.118,1.3115,0.01311,0.618,True,2.865,2.984,True,151-666
echinocandin,EXT-FKS-0312,CHEMBL2059481,548.6,0.533,3.4093,0.03409,0.636,False,3.007,2.984,True,151-666
echinocandin,EXT-FKS-0313,CHEMBL2059482,547.1,0.524,3.3455,0.03345,0.598,True,2.875,2.984,True,151-666
echinocandin,EXT-FKS-0314,CHEMBL2059483,563.5,0.409,2.5622,0.02562,0.61,True,2.886,2.984,True,151-666
echinocandin,EXT-FKS-0315,CHEMBL2059484,563.5,0.409,2.5622,0.02562,0.61,True,2.886,2.984,True,151-666
echinocandin,EXT-FKS-0316,CHEMBL2059485,598.0,0.207,1.6103,0.0161,0.614,False,3.19,2.984,True,151-666
echinocandin,EXT-FKS-0317,CHEMBL2059486,665.1,0.114,1.2993,0.01299,0.703,False,4.37,2.984,True,151-666
echinocandin,EXT-FKS-0318,CHEMBL2059487,531.6,0.488,3.0741,0.03074,0.656,True,2.962,2.984,True,151-666
echinocandin,EXT-FKS-0319,CHEMBL2059488,545.6,0.413,2.588,0.02588,0.64,True,2.575,2.984,True,151-666
echinocandin,EXT-FKS-0320,CHEMBL2059489,545.6,0.413,2.588,0.02588,0.64,True,2.575,2.984,True,151-666
echinocandin,EXT-FKS-0321,CHEMBL2059490,546.6,0.392,2.4679,0.02468,0.641,True,2.562,2.984,True,151-666
echinocandin,EXT-FKS-0322,CHEMBL2059491,544.1,0.41,2.5715,0.02572,0.618,True,2.398,2.984,True,151-666
echinocandin,EXT-FKS-0323,CHEMBL2059492,544.1,0.41,2.5715,0.02572,0.618,True,2.398,2.984,True,151-666
echinocandin,EXT-FKS-0324,CHEMBL2059493,563.6,0.357,2.2758,0.02276,0.635,True,2.673,2.984,True,151-666
echinocandin,EXT-FKS-0325,CHEMBL2059494,580.1,0.348,2.2309,0.02231,0.608,True,2.595,2.984,True,151-666
echinocandin,EXT-FKS-0326,CHEMBL2059495,612.1,0.306,2.0219,0.02022,0.541,True,2.872,2.984,True,151-666
echinocandin,EXT-FKS-0327,CHEMBL2059496,574.1,0.434,2.7156,0.02716,0.585,True,2.539,2.984,True,151-666
echinocandin,EXT-FKS-0328,CHEMBL2059497,558.1,0.37,2.3425,0.02343,0.618,True,2.338,2.984,True,151-666
echinocandin,EXT-FKS-0329,CHEMBL2059637,559.6,0.406,2.5482,0.02548,0.623,True,2.489,2.984,True,151-666
echinocandin,EXT-FKS-0330,CHEMBL2059638,572.1,0.404,2.5369,0.02537,0.557,True,2.389,2.984,True,151-666
echinocandin,EXT-FKS-0331,CHEMBL2059639,586.2,0.422,2.6443,0.02644,0.559,True,2.473,2.984,True,151-666
echinocandin,EXT-FKS-0332,CHEMBL2059640,587.1,0.65,4.4686,0.04469,0.557,False,3.084,2.984,True,151-666
echinocandin,EXT-FKS-0333,CHEMBL2059641,558.1,0.404,2.5374,0.02537,0.572,True,2.431,2.984,True,151-666
echinocandin,EXT-FKS-0334,CHEMBL2059642,572.1,0.384,2.4237,0.02424,0.595,True,2.863,2.984,True,151-666
echinocandin,EXT-FKS-0335,CHEMBL2059643,545.1,0.631,4.2749,0.04275,0.609,True,2.703,2.984,True,151-666
echinocandin,EXT-FKS-0336,CHEMBL2059644,545.1,0.631,4.2749,0.04275,0.609,True,2.703,2.984,True,151-666
echinocandin,EXT-FKS-0337,CHEMBL2059645,545.1,0.631,4.2749,0.04275,0.609,True,2.703,2.984,True,151-666
echinocandin,EXT-FKS-0338,CHEMBL2369134,1647.9,0.543,3.4875,0.03487,0.903,False,39.897,2.984,False,151-666
echinocandin,EXT-FKS-0339,CHEMBL2370651,1575.8,0.543,3.4875,0.03487,0.903,False,36.176,2.984,False,151-666
echinocandin,EXT-FKS-0340,CHEMBL2370652,1590.8,0.543,3.4875,0.03487,0.903,False,37.783,2.984,False,151-666
echinocandin,EXT-FKS-0341,CHEMBL2370654,1647.9,0.543,3.4875,0.03487,0.903,False,39.897,2.984,False,151-666
echinocandin,EXT-FKS-0342,CHEMBL2370655,1633.9,0.543,3.4875,0.03487,0.903,False,37.02,2.984,False,151-666
echinocandin,EXT-FKS-0343,CHEMBL2370656,1623.9,0.546,3.5129,0.03513,0.886,False,35.773,2.984,False,151-666
echinocandin,EXT-FKS-0344,CHEMBL2370657,1501.7,0.543,3.4875,0.03487,0.903,False,33.907,2.984,False,151-666
echinocandin,EXT-FKS-0345,CHEMBL2370664,1561.8,0.543,3.4875,0.03487,0.903,False,34.952,2.984,False,151-666
echinocandin,EXT-FKS-0346,CHEMBL2370665,1619.9,0.543,3.4875,0.03487,0.903,False,38.577,2.984,False,151-666
echinocandin,EXT-FKS-0347,CHEMBL2370666,1505.8,0.543,3.4875,0.03487,0.903,False,34.658,2.984,False,151-666
echinocandin,EXT-FKS-0348,CHEMBL2370667,1534.8,0.543,3.4875,0.03487,0.903,False,35.367,2.984,False,151-666
echinocandin,EXT-FKS-0349,CHEMBL2370668,1547.8,0.543,3.4875,0.03487,0.903,False,35.031,2.984,False,151-666
echinocandin,EXT-FKS-0350,CHEMBL2387201,1160.2,0.598,3.9657,0.03966,0.767,False,23.479,2.984,False,151-666
echinocandin,EXT-FKS-0351,CHEMBL2387202,1131.2,0.608,4.0507,0.04051,0.771,False,21.17,2.984,False,151-666
echinocandin,EXT-FKS-0352,CHEMBL2387205,1174.2,0.606,4.0319,0.04032,0.769,False,23.575,2.984,False,151-666
echinocandin,EXT-FKS-0353,CHEMBL3142863,1064.2,0.544,3.4968,0.03497,0.831,False,19.851,2.984,False,151-666
echinocandin,EXT-FKS-0354,CHEMBL3142866,1108.3,0.539,3.4573,0.03457,0.843,False,20.253,2.984,False,151-666
echinocandin,EXT-FKS-0355,CHEMBL3142867,1064.2,0.544,3.4968,0.03497,0.831,False,19.81,2.984,False,151-666
echinocandin,EXT-FKS-0356,CHEMBL3142868,1050.1,0.549,3.5406,0.03541,0.824,False,19.642,2.984,False,151-666
echinocandin,EXT-FKS-0357,CHEMBL3142869,1134.3,0.538,3.4535,0.03454,0.842,False,20.682,2.984,False,151-666
echinocandin,EXT-FKS-0358,CHEMBL3142870,1176.4,0.539,3.4573,0.03457,0.843,False,21.26,2.984,False,151-666
echinocandin,EXT-FKS-0359,CHEMBL3142871,1064.2,0.544,3.4968,0.03497,0.831,False,19.795,2.984,False,151-666
echinocandin,EXT-FKS-0360,CHEMBL3142872,1102.2,0.546,3.5129,0.03513,0.886,False,21.239,2.984,False,151-666
echinocandin,EXT-FKS-0361,CHEMBL3142873,1164.3,0.588,3.8701,0.0387,0.759,False,20.508,2.984,False,151-666
echinocandin,EXT-FKS-0362,CHEMBL3142874,1074.2,0.546,3.5129,0.03513,0.886,False,20.885,2.984,False,151-666
echinocandin,EXT-FKS-0363,CHEMBL3142875,1064.2,0.544,3.4968,0.03497,0.831,False,19.844,2.984,False,151-666
echinocandin,EXT-FKS-0364,CHEMBL3142876,1066.1,0.538,3.4519,0.03452,0.831,False,20.18,2.984,False,151-666
echinocandin,EXT-FKS-0365,CHEMBL3142878,1032.1,0.546,3.5129,0.03513,0.886,False,20.481,2.984,False,151-666
echinocandin,EXT-FKS-0366,CHEMBL3142879,1108.2,0.519,3.3002,0.033,0.719,False,20.03,2.984,False,151-666
echinocandin,EXT-FKS-0367,CHEMBL3142880,1170.3,0.598,3.9657,0.03966,0.767,False,20.921,2.984,False,151-666
echinocandin,EXT-FKS-0368,CHEMBL3142881,1136.2,0.544,3.5018,0.03502,0.735,False,20.237,2.984,False,151-666
echinocandin,EXT-FKS-0369,CHEMBL3142882,1052.1,0.538,3.4535,0.03454,0.842,False,19.673,2.984,False,151-666
echinocandin,EXT-FKS-0370,CHEMBL3142883,1052.1,0.538,3.4535,0.03454,0.842,False,19.673,2.984,False,151-666
echinocandin,EXT-FKS-0371,CHEMBL3142884,1106.2,0.526,3.359,0.03359,0.839,False,20.161,2.984,False,151-666
echinocandin,EXT-FKS-0372,CHEMBL3142885,1054.1,0.518,3.2935,0.03293,0.72,False,19.051,2.984,False,151-666
echinocandin,EXT-FKS-0373,CHEMBL3142886,1108.3,0.539,3.4573,0.03457,0.843,False,20.253,2.984,False,151-666
echinocandin,EXT-FKS-0374,CHEMBL3142887,1078.1,0.486,3.0617,0.03062,0.743,False,19.367,2.984,False,151-666
echinocandin,EXT-FKS-0375,CHEMBL3142888,1078.1,0.486,3.0617,0.03062,0.743,False,19.367,2.984,False,151-666
echinocandin,EXT-FKS-0376,CHEMBL3142889,1130.2,0.509,3.2292,0.03229,0.714,False,19.63,2.984,False,151-666
echinocandin,EXT-FKS-0377,CHEMBL3142890,1102.2,0.514,3.2665,0.03266,0.746,False,19.708,2.984,False,151-666
echinocandin,EXT-FKS-0378,CHEMBL3142891,1124.3,0.541,3.4726,0.03473,0.885,False,21.818,2.984,False,151-666
echinocandin,EXT-FKS-0379,CHEMBL3142892,1170.3,0.598,3.9657,0.03966,0.767,False,21.126,2.984,False,151-666
echinocandin,EXT-FKS-0380,CHEMBL3142894,1194.3,0.597,3.9528,0.03953,0.763,False,21.209,2.984,False,151-666
echinocandin,EXT-FKS-0381,CHEMBL3142895,1194.3,0.597,3.9528,0.03953,0.763,False,21.379,2.984,False,151-666
echinocandin,EXT-FKS-0382,CHEMBL3739429,751.0,0.009,1.022,0.01022,0.817,False,7.692,2.984,False,151-666
echinocandin,EXT-FKS-0383,CHEMBL3739474,629.9,-0.009,0.9785,0.00978,0.865,False,7.464,2.984,True,151-666
echinocandin,EXT-FKS-0384,CHEMBL3739756,601.9,-0.004,0.9915,0.00992,0.875,False,7.004,2.984,True,151-666
echinocandin,EXT-FKS-0385,CHEMBL3740011,654.9,-0.083,0.8251,0.00825,0.822,False,6.582,2.984,True,151-666
echinocandin,EXT-FKS-0386,CHEMBL3740165,697.0,-0.03,0.9324,0.00932,0.82,False,6.889,2.984,False,151-666
echinocandin,EXT-FKS-0387,CHEMBL3740167,701.9,0.106,1.2755,0.01275,0.878,False,7.837,2.984,False,151-666
echinocandin,EXT-FKS-0388,CHEMBL3740212,692.9,0.1,1.2578,0.01258,0.874,False,8.227,2.984,False,151-666
echinocandin,EXT-FKS-0389,CHEMBL3740280,711.0,-0.045,0.901,0.00901,0.821,False,7.598,2.984,False,151-666
echinocandin,EXT-FKS-0390,CHEMBL3740534,741.0,-0.092,0.8082,0.00808,0.82,False,7.917,2.984,False,151-666
echinocandin,EXT-FKS-0391,CHEMBL3740729,726.9,-0.032,0.9289,0.00929,0.798,False,7.757,2.984,False,151-666
echinocandin,EXT-FKS-0392,CHEMBL3740840,701.9,0.106,1.2755,0.01275,0.878,False,7.837,2.984,False,151-666
echinocandin,EXT-FKS-0393,CHEMBL3740861,573.8,-0.017,0.9624,0.00962,0.878,False,6.543,2.984,True,151-666
echinocandin,EXT-FKS-0394,CHEMBL3740960,750.0,-0.079,0.8328,0.00833,0.833,False,7.735,2.984,False,151-666
echinocandin,EXT-FKS-0395,CHEMBL3741042,701.9,0.106,1.2755,0.01275,0.878,False,7.837,2.984,False,151-666
echinocandin,EXT-FKS-0396,CHEMBL3741086,697.0,-0.03,0.9324,0.00932,0.82,False,6.889,2.984,False,151-666
echinocandin,EXT-FKS-0397,CHEMBL3741163,654.0,-0.023,0.9474,0.00947,0.822,False,6.728,2.984,True,151-666
echinocandin,EXT-FKS-0398,CHEMBL3741171,654.0,-0.023,0.9474,0.00947,0.822,False,6.728,2.984,True,151-666
echinocandin,EXT-FKS-0399,CHEMBL3741220,683.0,0.008,1.0192,0.01019,0.819,False,6.801,2.984,False,151-666
echinocandin,EXT-FKS-0400,CHEMBL3741296,697.0,-0.045,0.901,0.00901,0.821,False,7.268,2.984,False,151-666
echinocandin,EXT-FKS-0401,CHEMBL3741728,700.9,0.101,1.2617,0.01262,0.864,False,7.66,2.984,False,151-666
echinocandin,EXT-FKS-0402,CHEMBL3741737,751.0,0.009,1.022,0.01022,0.817,False,7.692,2.984,False,151-666
echinocandin,EXT-FKS-0403,CHEMBL3741985,629.9,-0.009,0.9785,0.00978,0.865,False,7.464,2.984,True,151-666
echinocandin,EXT-FKS-0404,CHEMBL3742052,683.0,-0.045,0.901,0.00901,0.821,False,6.981,2.984,False,151-666
echinocandin,EXT-FKS-0405,CHEMBL3742110,669.0,-0.046,0.8992,0.00899,0.82,False,6.732,2.984,False,151-666
echinocandin,EXT-FKS-0406,CHEMBL3742174,654.9,-0.083,0.8251,0.00825,0.822,False,6.582,2.984,True,151-666
echinocandin,EXT-FKS-0407,CHEMBL408249,1132.4,0.543,3.4875,0.03487,0.903,False,22.206,2.984,False,151-666
echinocandin,EXT-FKS-0408,CHEMBL415670,1019.2,0.543,3.4875,0.03487,0.903,False,18.984,2.984,False,151-666
echinocandin,EXT-FKS-0409,CHEMBL4751360,1662.0,0.543,3.4875,0.03487,0.903,False,40.578,2.984,False,151-666
echinocandin,EXT-FKS-0410,CHEMBL4758391,1676.0,0.543,3.4875,0.03487,0.903,False,40.826,2.984,False,151-666
echinocandin,EXT-FKS-0411,CHEMBL4759855,1618.9,0.543,3.4875,0.03487,0.903,False,39.228,2.984,False,151-666
echinocandin,EXT-FKS-0412,CHEMBL4800505,1676.0,0.543,3.4875,0.03487,0.903,False,40.826,2.984,False,151-666
echinocandin,EXT-FKS-0413,CHEMBL1790214,1235.8,0.45,2.8188,0.02819,0.907,False,30.244,2.984,False,151-666
echinocandin,EXT-FKS-0416,CHEMBL452101,292.3,0.901,7.9642,0.07964,0.528,True,2.421,2.984,True,151-666
echinocandin,EXT-FKS-0417,CHEMBL459922,299.2,0.547,3.5219,0.03522,0.561,True,2.588,2.984,True,151-666
echinocandin,EXT-FKS-0454,CHEMBL2369955,1008.2,0.543,3.4875,0.03487,0.903,False,19.762,2.984,False,151-666
echinocandin,EXT-FKS-0493,CHEMBL1160279,1293.4,0.543,3.4875,0.03487,0.903,False,27.4,2.984,False,151-666
echinocandin,EXT-FKS-0494,CHEMBL1160280,1294.4,0.543,3.4875,0.03487,0.903,False,26.94,2.984,False,151-666
echinocandin,EXT-FKS-0497,CHEMBL266844,1145.2,0.543,3.4875,0.03487,0.903,False,24.93,2.984,False,151-666
echinocandin,EXT-FKS-0498,CHEMBL267318,1179.3,0.546,3.5123,0.03512,0.904,False,25.066,2.984,False,151-666
echinocandin,EXT-FKS-0500,CHEMBL405465,1065.2,0.543,3.4875,0.03487,0.903,False,22.188,2.984,False,151-666
