sar_id,compound_id,parent_compound_id,modification,site,effect_on_enzyme_activity,effect_on_mic,effect_on_in_vivo,effect_on_solubility_or_exposure,hypothesis,evidence_level,text_quote,reference_id,source_table_or_figure,curation_status,curator_note
SAR-1977-TRAXLER-001,PAPU-0002,,natural component comparison,whole molecule,unknown,improved,unknown,unknown,Papulacandin B is the main and generally most potent component in the reported MIC panel,direct_data,B is most potent in Table 3 for most Candida and yeast rows.,PAPER-1977-TRAXLER,Table 3,curated,Use as early whole-cell activity ranking evidence only. No enzyme IC50 in this paper.
SAR-1977-TRAXLER-002,PAPU-0001,PAPU-0002,natural component comparison,whole molecule,unknown,decreased,unknown,unknown,Papulacandin A is generally less active than Papulacandin B in the MIC panel,direct_data,A is about one half as active as B in text and Table 3.,PAPER-1977-TRAXLER,Biological Properties and Table 3,curated,Do not infer structural cause yet because complete structures are not given here.
SAR-1977-TRAXLER-003,PAPU-0003,PAPU-0002,natural component comparison,whole molecule,unknown,decreased,unknown,unknown,Papulacandin C is generally less active than Papulacandin B in the MIC panel,direct_data,C is about one half as active as B in text and Table 3.,PAPER-1977-TRAXLER,Biological Properties and Table 3,curated,Do not infer structural cause yet because complete structures are not given here.
SAR-1977-TRAXLER-004,PAPU-0004,PAPU-0002,natural component comparison,whole molecule,unknown,decreased,unknown,unknown,Papulacandin D has lower and more strain-dependent whole-cell activity than B,direct_data,D is described as lower activity and Table 3 reports weaker MIC values for many strains.,PAPER-1977-TRAXLER,Biological Properties and Table 3,curated,D remains important later because simplified Papulacandin D derivatives are synthetically useful.
SAR-1977-TRAXLER-005,PAPU-0005,PAPU-0002,natural component comparison,whole molecule,unknown,decreased,unknown,unknown,Papulacandin E is described as a minor lower-activity component but numeric MIC values are not tabulated here,curated_infer,D and E are described as minor components with lower activity.,PAPER-1977-TRAXLER,Abstract and Biological Properties,curated,Keep E out of numeric activity modeling until a paper with exact activity is curated.
SAR-1977-TRAXLER-006,PAPU-0002,,mode of action clue,unknown,unknown,unknown,unknown,unknown,Papulacandin B may act on yeast cell-wall structural glucan and shows partial cross-resistance with echinocandin B,weak_infer,Text reports evidence for structural glucan site of action and partial cross resistance with echinocandin B.,PAPER-1977-TRAXLER,Biological Properties,curated,Mechanistic clue only. No direct enzyme assay in this paper.
SAR-1979-BAGULEY-001,PAPU-0002,,mechanism,glucan synthesis,improved,unknown,unknown,unknown,Papulacandin B directly inhibits alkali-insoluble glucan synthesis in yeast spheroplasts,direct_data,Spheroplast ED50 values are 0.16 ug/ml in S. cerevisiae and 0.03 ug/ml in C. albicans.,PAPER-1979-BAGULEY,Abstract and Table 2,curated,Mechanistic activity entry for target-linked modeling; not a structural analog comparison.
SAR-1979-BAGULEY-002,PAPU-0002,,counter-screen,plasma membrane,unknown,unknown,unknown,unknown,Papulacandin B does not behave like polyene membrane-disrupting antibiotics,direct_data,Papulacandin B caused negligible potassium release up to 50 ug/ml unlike amphotericin B at 2.5 ug/ml.,PAPER-1979-BAGULEY,Table 1,curated,Potassium release is a mechanism counter-screen rather than an antifungal potency endpoint.
SAR-1979-BAGULEY-003,PAPU-0002,,resistance selection,glucan synthesis,decreased,decreased,unknown,unknown,A Papulacandin-B-resistant C. albicans CA2 strain shows much weaker glucan-synthesis inhibition,direct_data,CA2 spheroplast ED50 is 2.5 ug/ml versus 0.03 ug/ml for K1133.,PAPER-1979-BAGULEY,Table 2,curated,Useful for resistance phenotype annotation.
SAR-1979-BAGULEY-004,PAPU-0002,,serum effect,target exposure,unknown,decreased,unknown,decreased,Human serum reduces apparent Papulacandin B activity in C. albicans systems,direct_data,K1133 MIC shifts from 0.1 to 2.6 ug/ml with 10% human serum; spheroplast ED50 shifts from 0.03 to 0.8 ug/ml.,PAPER-1979-BAGULEY,Table 2,curated,Keep serum and serum-free data separated during modeling.
SAR-1979-BAGULEY-005,PAPU-0002,,cell wall barrier,target exposure,improved,unknown,unknown,improved,Spheroplast assays suggest higher apparent sensitivity than intact-cell assays,curated_infer,S. cerevisiae ED50 changes from 5 to 0.16 ug/ml and C. albicans from 0.5 to 0.03 ug/ml.,PAPER-1979-BAGULEY,Table 2,curated,Interpret as exposure or barrier context rather than a new compound property.
SAR-1979-BAGULEY-006,PAPU-0002,,cross-resistance,glucan synthesis pathway,unknown,unknown,unknown,unknown,Echinocandin B appears to share a related glucan-synthesis inhibitory phenotype,direct_data,CA2 is cross-resistant to echinocandin B and echinocandin B selectively inhibits glucan synthesis in spheroplasts.,PAPER-1979-BAGULEY,Methods and Fig. 5,curated,Mechanism-family context for later echinocandin comparison.
SAR-1983-ROMMELE-001,PAPU-0010,PAPU-0009,long fatty acid removal,long_acyl,abolished,abolished,unknown,unknown,The long fatty acid residue is required for target-site glucan-synthesis inhibition,direct_data,Degradation product I has ED50 0.3 ug/ml but product II is >5 ug/ml and MIC >128 ug/ml.,PAPER-1983-ROMMELE,Table 1 and Conclusions,curated,Compare paper compounds 8 and 9; this is one of the strongest SAR anchors in NO.3.
SAR-1983-ROMMELE-002,PAPU-0009,PAPU-0002,short fatty acid removal,short_acyl,retained,abolished,unknown,decreased,The short fatty acid is not essential for glucan ED50 but is important for whole-cell MIC,direct_data,Degradation product I has ED50 0.3 ug/ml and MIC >128 ug/ml.,PAPER-1983-ROMMELE,Fig. 3 and Table 1,curated,Interpreted as target activity retained but target access or whole-cell conversion impaired.
SAR-1983-ROMMELE-003,PAPU-0004,PAPU-0002,galactose and short fatty acid removal,galactose,retained,decreased,unknown,mixed,Neither the short fatty acid nor galactose is essential for biological activity at the target site,direct_data,Papulacandin D lacks short fatty acid and galactose but has ED50 0.13 ug/ml and MIC 1-2 ug/ml.,PAPER-1983-ROMMELE,Fig. 2; Table 1; Conclusions,curated,Papulacandin D remains active and is proposed as a simplified starting material.
SAR-1983-ROMMELE-004,PAPU-0006,PAPU-0002,hydrogenation of fatty acids,long_acyl,decreased,abolished,unknown,decreased,Hydrogenation of fatty acid residues reduces activity and strongly weakens whole-cell MIC,direct_data,Tetradecahydropapulacandin B has ED50 0.6 ug/ml and MIC >128 ug/ml.,PAPER-1983-ROMMELE,Table 1 and Conclusions,curated,Octahydropapulacandin D also shows weaker ED50 and MIC than Papulacandin D.
SAR-1983-ROMMELE-005,PAPU-0008,PAPU-0002,nona-acetylation,multiple,abolished,abolished,unknown,decreased,Nona-acetylation of Papulacandin B abolishes measurable activity,direct_data,Papulacandin B nona-acetate has ED50 >5 ug/ml and MIC >128 ug/ml.,PAPER-1983-ROMMELE,Table 1,curated,Likely combines target-binding and exposure effects; do not over-interpret mechanism from acetylation alone.
SAR-1983-ROMMELE-006,PAPU-0012,PAPU-0002,glucose 6 substitution,glucose6,retained,retained,unknown,unknown,Glucose position 6 substitutions are generally tolerated,curated_infer,Compounds 11-14 show ED50 0.2-0.5 ug/ml and MIC 0.2-2 ug/ml.,PAPER-1983-ROMMELE,Table 2,curated,Series-level rule based on compounds 11-14.
SAR-1983-ROMMELE-007,PAPU-0020,PAPU-0002,aromatic 10-O substitution,10O,retained,retained,unknown,unknown,Several aromatic position 10 substitutions preserve activity,curated_infer,Compounds 19 and 21-23 show ED50 0.1-0.5 ug/ml and MIC 0.2-0.5 ug/ml.,PAPER-1983-ROMMELE,Table 2,curated,Position 10 appears more permissive than bulky 12-O substitution in this set.
SAR-1983-ROMMELE-008,PAPU-0018,PAPU-0002,larger aromatic 12-O substitution,12O,decreased,decreased,unknown,unknown,Larger substituents at aromatic position 12 reduce glucan-synthesis and whole-cell activity,direct_data,Compound 17 has ED50 2 ug/ml and MIC 12 ug/ml; compound 18 has ED50 >5 and MIC >128 ug/ml.,PAPER-1983-ROMMELE,Table 2 and Results,curated,The paper explicitly contrasts larger 12 substituents with smaller methyl substitution.
SAR-1983-ROMMELE-009,PAPU-0025,PAPU-0002,aromatic 11 substitution,11N,decreased,mixed,unknown,unknown,Substitutions at aromatic position 11 tend to reduce biological activity,curated_infer,Compounds 24-29 show ED50 0.2-3 ug/ml and MIC 0.2-6 ug/ml.,PAPER-1983-ROMMELE,Table 2 and Results,curated,Effect is not uniform; preserve individual activity rows for modeling.
SAR-1983-ROMMELE-010,PAPU-0004,PAPU-0002,simplification,start_material,retained,decreased,unknown,unknown,Papulacandin D is a useful simplified scaffold for further modification,weak_infer,Papulacandin D retains ED50 0.13 ug/ml and MIC 1-2 ug/ml while lacking short fatty acid and galactose.,PAPER-1983-ROMMELE,Conclusions,curated,This is a design implication stated by the paper rather than a direct synthetic route.
SAR-1987-TRAXLER-001,PAPU-0002,,class translational gap,whole molecule,unknown,strong,decreased,unknown,Papulacandins can show strong serum-free Candida activity but weak in vivo translation,direct_data,Papulacandin B MIC 0.05 ug/mL and ED50 80 mg/kg; paper states high in vitro activity but weaker in vivo,PAPER-1987-TRAXLER,Abstract and Table 1,curated,Use this row to avoid the wrong shorthand that Papulacandins are cell-inactive.
SAR-1987-TRAXLER-002,PAPU-0020,PAPU-0002,10-O oxypropyl ether,10O,unknown,retained,improved,unknown,Polar 10-O ether can improve in vivo activity without losing Candida MIC,direct_data,Compound 8f has MIC 0.1 ug/mL and ED50 30 mg/kg; discussion states it is about three times as active as Papulacandin B,PAPER-1987-TRAXLER,Table 1 and Discussion,curated,8f is one of the clearest early leads for improving the in vivo gap.
SAR-1987-TRAXLER-003,PAPU-0043,PAPU-0002,10-O alkyl ether versus 12-O alkyl ether,10O/12O,unknown,retained,mixed,unknown,Position 10 is more permissive than position 12 for O-alkylation,curated_infer,10-O derivative 8a has MIC 0.2 ug/mL while 12-O derivative 5a has MIC 0.4 ug/mL; discussion favors 10 over 12,PAPER-1987-TRAXLER,Table 1 and Discussion,curated,Keep as a site-level rule and preserve individual rows because in vivo values vary strongly by substituent.
SAR-1987-TRAXLER-004,PAPU-0018,PAPU-0002,larger 12-O alkyl ether,12O,unknown,decreased,decreased,unknown,Increasing 12-O alkyl size reduces Candida MIC and in vivo efficacy,direct_data,Compound 5c has MIC 12.5 ug/mL and ED50 >300 mg/kg,PAPER-1987-TRAXLER,Table 1,curated,This extends the NO.3 12-O rule into the NO.4 in vivo dataset; NO.4 compound 5c is merged with NO.3 PAPU-0018.
SAR-1987-TRAXLER-005,PAPU-0019,PAPU-0002,10-12-di-O alkyl ether,10O/12O,unknown,abolished,unknown,unknown,Large 10-12-diethers are often poor for Candida whole-cell activity,direct_data,Compound 6c has MIC >100 ug/mL and no useful ED50 reported,PAPER-1987-TRAXLER,Table 1,curated,The di-O series should not be treated as equivalent to tolerated single 10-O substitution; NO.4 compound 6c is merged with NO.3 PAPU-0019.
SAR-1987-TRAXLER-006,PAPU-0049,PAPU-0002,11-13-dimorpholinomethylene substitution,11N/13N,unknown,abolished,decreased,unknown,11-aminomethylene style substitution does not solve in vivo efficacy and can reduce MIC,direct_data,Compound 9 has MIC >100 ug/mL and ED50 >300 mg/kg,PAPER-1987-TRAXLER,Table 2 and Discussion,curated,This rule is distinct from 11-aminoacyl derivatives which behave better.
SAR-1987-TRAXLER-007,PAPU-0055,PAPU-0002,11-aminoacyl imidazolidone derivative,11N,unknown,retained,improved,unknown,Selected 11-aminoacyl derivatives can improve in vivo activity while keeping useful Candida MIC,direct_data,Compound 15c has MIC 0.5 ug/mL and ED50 14 mg/kg; discussion states it is five times more active than Papulacandin B,PAPER-1987-TRAXLER,Table 3 and Discussion,curated,15c is the best NO.4 in vivo derivative in the current curated set.
SAR-1987-TRAXLER-008,PAPU-0058,PAPU-0002,glucose 6 N-methylpiperazinyl substitution,glucose6,unknown,decreased,improved,unknown,Glucose position 6 substitution is possible but only selected cationic substitutions show useful in vivo activity,direct_data,Compound 17e has MIC 1 ug/mL and ED50 55 mg/kg,PAPER-1987-TRAXLER,Table 4 and Discussion,curated,Most other glucose-6 substitutions in Table 4 are less useful in vivo.
SAR-1987-TRAXLER-009,PAPU-0062,PAPU-0002,glucose 6 succinyl ester,glucose6,unknown,decreased,decreased,improved,Improved water solubility alone is not enough to restore in vivo efficacy,direct_data,Compound 18b has MIC 0.5 ug/mL and ED50 220 mg/kg; discussion notes weak in vivo effect despite water solubility,PAPER-1987-TRAXLER,Table 4 and Discussion,curated,Useful caution for design work focused only on polarity or solubility.
SAR-1987-TRAXLER-010,PAPU-0002,,spectrum limitation,whole series,unknown,Candida selective,unknown,unknown,Derivative optimization in this paper did not broaden the antifungal spectrum beyond Candida,review_summary,Authors state that no derivative had a wider spectrum including fungi other than Candida albicans,PAPER-1987-TRAXLER,Discussion,curated,Broader spectrum MIC columns were not expanded in v0.1 but the qualitative conclusion is captured here.
SAR-1991-FONTDEMORA-001,PAPU-0002,,ACR1 ACR3 ACR4 resistance,yeast_cell_surface,unchanged,decreased_susceptibility,unknown,reduced_accessibility,ACR1 ACR3 and ACR4 functions are needed for Papulacandin B whole-cell sensitivity,direct_data,LMF101 LMF105 and LMF106 have Papulacandin B MIC 50 ug/mL versus OL1 MIC 2.5 ug/mL,PAPER-1991-FONTDEMORA,Table 1 and Discussion,curated,Mechanism annotation not chemical SAR; useful for separating target inhibition from cell access.
SAR-1991-FONTDEMORA-002,PAPU-0002,,ACR2 specificity,yeast_cell_surface,unchanged,retained_susceptibility,unknown,unknown,ACR2 affects aculeacin A sensitivity but not Papulacandin B sensitivity,direct_data,LMF102 LMF103 and LMF104 have Papulacandin B MIC 2.5 ug/mL while aculeacin A MIC is 50 to >100 ug/mL,PAPER-1991-FONTDEMORA,Table 1 and Discussion,curated,This separates common echinocandin-like entry steps from Papulacandin B-specific behavior.
SAR-1991-FONTDEMORA-003,PAPU-0002,,S cerevisiae extract enzyme assay,enzyme_assay_context,no_inhibition_observed,active_in_whole_cell,unknown,assay_system_dependent,Conventional S. cerevisiae glucan synthase extract assay may miss Papulacandin B whole-cell sensitivity,direct_data,Papulacandin B up to 20 ug/mL did not have an inhibitory effect in vitro,PAPER-1991-FONTDEMORA,Results text and Table 4,curated,Do not merge this endpoint with Candida spheroplast glucan synthesis ED50 without an assay-context feature.
SAR-1991-FONTDEMORA-004,PAPU-0002,,protoplast sensitivity,cell_wall_access,unknown,restored_susceptibility,unknown,increased_accessibility,Loss of whole-cell susceptibility in acr mutants likely involves cell-surface accessibility rather than altered synthase,direct_data,Protoplasts from the four acr mutants were sensitive to aculeacin A and papulacandin B,PAPER-1991-FONTDEMORA,Results and Discussion,curated,Supports the project framing that cell access and assay context matter.
SAR-1991-FONTDEMORA-005,PAPU-0002,,Papulacandin B versus aculeacin cross-resistance,resistance_mechanism,unknown,mixed,unknown,unknown,Papulacandin B and aculeacin A share some entry or action steps but also have compound-specific steps,direct_data,Of 15 Papulacandin B-resistant mutants 10 were also resistant to aculeacin A while 5 remained susceptible,PAPER-1991-FONTDEMORA,Discussion,curated,Useful comparator logic for later FKS1 inhibitor resistance interpretation.
SAR-1991-RIBAS-001,PAPU-0002,,S pombe wild-type enzyme inhibition,enzyme_assay_context,inhibited,unknown,unknown,assay_system_dependent,Papulacandin B strongly inhibits S pombe wild-type glucan synthase in vitro at 50 ug/mL,direct_data,Wild-type 972 h- retained 11.9% activity at 37 C and 8.9% activity at 30 C with Papulacandin B 50 ug/mL,PAPER-1991-RIBAS,Table 6,curated,Contrasts with the NO.5 S cerevisiae extract negative result and shows why species and assay system must stay separate.
SAR-1991-RIBAS-002,PAPU-0002,,cwg1-1 inhibitor resistance,cwg1 locus,decreased_susceptibility,unknown,unknown,altered_enzyme_component,cwg1-1 grown at restrictive temperature gives a Papulacandin B-resistant glucan synthase phenotype,direct_data,cwg1-1 grown at 37 C retained 73.3% activity with Papulacandin B while wild type retained 11.9%,PAPER-1991-RIBAS,Table 6 and Discussion,curated,Mechanism annotation not chemical SAR; likely reflects altered particulate or membrane-associated enzyme component.
SAR-1991-RIBAS-003,PAPU-0002,,cwg1-1 temperature dependence,cwg1 locus,inhibited_at_permissive_temperature,unknown,unknown,temperature_dependent_background,cwg1-1 resistance to Papulacandin B appears at 37 C but not at 30 C,direct_data,cwg1-1 retained 15.6% activity at 30 C but 73.3% activity at 37 C with Papulacandin B 50 ug/mL,PAPER-1991-RIBAS,Table 6,curated,This is a genotype-by-growth-temperature effect and should not be treated as compound potency change.
SAR-1991-RIBAS-004,PAPU-0002,,cwg2-1 sensitivity retained,cwg2 locus,inhibited,unknown,unknown,soluble_component_defect,cwg2-1 has reduced glucan synthase activity but remains Papulacandin B-sensitive,direct_data,cwg2-1 grown at 37 C retained 14.3% activity with Papulacandin B 50 ug/mL,PAPER-1991-RIBAS,Table 6 and Table 5,curated,Reconstitution experiments indicate cwg2-1 affects the soluble component rather than the Papulacandin B-resistant phenotype.
SAR-1991-RIBAS-005,PAPU-0002,,cwg1 pap1 genetic proximity,cwg1 and pap1 loci,unknown,unknown,unknown,possible_resistance_locus_context,cwg1 maps very close to the Papulacandin B-resistant pap1 locus but complementation suggests different mutations,direct_data,cwg1 was strongly linked to pap1 and complementation between pap1-8 and cwg1-1 indicated different mutations,PAPER-1991-RIBAS,Genetic mapping and Discussion,curated,Useful for later resistance-genetics interpretation but not proof that cwg1 is the Papulacandin B target.
SAR-1991-VANMIDDLESWORTH-001,PAPU-0063,,new papulacandin-family natural product,whole molecule,strong,strong Candida selective,mixed,unknown,L-687781 preserves Papulacandin-like beta-1-3-glucan synthase inhibition and Candida MIC,direct_data,L-687781 MIC is 1 to 2 ug/mL for most Candida strains and glucan synthesis IC50 is about 0.5 uM,PAPER-1991-VANMIDDLESWORTH,Table 1 and Fig. 3,curated,Use as a distinct natural product scaffold not as a Papulacandin B derivative.
SAR-1991-VANMIDDLESWORTH-002,PAPU-0063,,Candida selective spectrum,whole organism,unknown,Candida selective,unknown,unknown,L-687781 has strong Candida activity but weak activity against Cryptococcus and C. guilliermondii,direct_data,L-687781 MIC values are 1 to 2 ug/mL for most Candida strains but >128 ug/mL for C. guilliermondii and Cryptococcus neoformans,PAPER-1991-VANMIDDLESWORTH,Table 1 and Results,curated,Paper also states inactive against bacteria and filamentous fungi but those data were not shown.
SAR-1991-VANMIDDLESWORTH-003,PAPU-0063,,Candida mouse translation gap,in_vivo_translation,strong,strong,decreased,unknown,Potent Candida MIC and target inhibition do not guarantee systemic Candida mouse efficacy,direct_data,L-687781 was active in vitro but treatment up to 10 mg/kg produced no significant efficacy in the C. albicans mouse model,PAPER-1991-VANMIDDLESWORTH,Results text,curated,This directly supports the serum exposure PK and in vivo translation framing.
SAR-1991-VANMIDDLESWORTH-004,PAPU-0063,,Pneumocystis in vivo activity,infection_model,strong,unknown,improved,unknown,L-687781 can show in vivo activity in the rat PCP model despite weak Candida mouse efficacy,direct_data,L-687781 reduced P. carinii cyst burden by 72.6 to 83.5 percent at active doses in Table 2,PAPER-1991-VANMIDDLESWORTH,Table 2,curated,Model and pathogen context strongly affect apparent in vivo utility.
SAR-1991-VANMIDDLESWORTH-005,PAPU-0063,,fermentation accessibility,production,unknown,unknown,unknown,fermentable_natural_product,Dictyochaeta simplex fermentation can produce L-687781 at preparative scale,direct_data,Fermentation reached about 105 mg/L at 192 h and most compound was mycelial bound,PAPER-1991-VANMIDDLESWORTH,Fermentation and Isolation,curated,Production note for practical prioritization rather than chemical SAR.
SAR-1992-BARTIZAL-001,PAPU-0063,,enzyme potency versus Candida TOKA translation gap,whole molecule,strong,Candida active in broth,poor in Candida TOKA,unknown,Strong C. albicans glucan synthase inhibition and broth MIC/MFC do not predict systemic Candida efficacy for L-687781 in TOKA,direct_data,L-687781 had IC50 0.16 uM but was ineffective at all concentrations tested in the TOKA.,PAPER-1992-BARTIZAL,Results text; Table 3,curated,This is the cleanest NO.8 support for the corrected framing: cell MIC can be good while Candida in vivo translation is poor.
SAR-1992-BARTIZAL-002,PAPU-0063,,lower enzyme IC50 but higher Candida MFC than echinocandin comparators,whole molecule,strong,similar Candida MIC,poor in Candida TOKA,unknown,Target potency alone is not sufficient; killing and in vivo efficacy differ between papulacandin and echinocandin scaffolds,direct_data,The papulacandin showed the lowest IC50 but displayed higher MFCs for the Candida species than did echinocandins.,PAPER-1992-BARTIZAL,Results and Discussion,curated,"Use as scaffold-class comparison, not a within-papulacandin substituent SAR claim."
SAR-1992-BARTIZAL-003,PAPU-0063,,Candida-selective spectrum with Cryptococcus inactivity,organism context,unknown,Candida selective,not evaluated for Cryptococcus in vivo,unknown,"L-687781 activity is organism dependent, with Candida activity but weak Cryptococcus whole-cell activity",direct_data,The lipopeptides and the papulacandin L-687781 were inactive in vitro against the C. neoformans strains tested.,PAPER-1992-BARTIZAL,Table 1 and Discussion,curated,"The authors discuss glucan-linkage composition as a possible explanation; keep it as mechanistic context, not proof."
SAR-1992-BARTIZAL-004,PAPU-0063,,unmeasured PK and protein-binding liability,exposure context,strong,active in vitro,poor in Candida TOKA,unknown,"Poor Candida in vivo efficacy may involve PK bioavailability metabolism excretion or protein binding, but this paper does not measure those parameters",review_summary,"Since pharmacokinetics and protein binding studies have not been conducted with papulacandin L-687781, whether these parameters contributed remains to be determined.",PAPER-1992-BARTIZAL,Discussion,curated,"Important caveat: record as a hypothesis/unknown, not as proven serum binding or PK failure."
SAR-1993-AOKI-001,PAPU-0064,PAPU-0063,BU-4794F acyl side-chain variant versus L-687781,C10 and C16 acyl side chains,strong,improved Candida MIC versus Papulacandin B/M comparators,unknown,unknown,"BU-4794F keeps the L-687781-like papulacandin core but changes both acyl side chains, with potent Candida MIC and beta-1,3-glucan synthase inhibition",direct_data,Both compounds give very similar carbon signals in the spirocyclic core and two sugars moieties; major differences were observed in the two acyl side chains.,PAPER-1993-AOKI,Structural Studies; Table 4,curated,Treat as family-level SAR; exact causal contribution of each acyl-chain change is not separated.
SAR-1993-AOKI-002,PAPU-0064,PAPU-0002,BU-4794F compared with Papulacandin B and M,whole molecule/acyl side chains,unknown,improved in Candida panel,unknown,unknown,BU-4794F shows lower MIC values than Papulacandin B and M against the tested Candida strains,direct_data,"The MIC values of BU-4794F against Candida strains are comparable to those of amphotericin B, but lower than those of papulacandins B and M.",PAPER-1993-AOKI,Table 4 and Antifungal Activity text,curated,This is a direct potency comparison under one broth microdilution condition.
SAR-1993-AOKI-003,PAPU-0064,,Candida and yeast selective spectrum,organism context,strong,Candida/yeast active but Cryptococcus and Aspergillus inactive,unknown,unknown,"BU-4794F is narrow spectrum, active against tested yeasts/Candida but inactive against Cryptococcus neoformans and Aspergillus fumigatus",direct_data,BU-4794F exhibits potent inhibitory activity against yeasts but is inactive against filamentous fungi and Cryptococcus neoformans.,PAPER-1993-AOKI,Table 4 and Antifungal Activity text,curated,Aspergillus was represented by A. fumigatus IAM2034 only in this table.
SAR-1993-AOKI-004,PAPU-0064,,water insolubility exposure caveat,physicochemical property,unknown,strong in vitro,not tested,poor_water_solubility,"BU-4794F is practically insoluble in water, so formulation/exposure should be checked before assuming in vivo translation",direct_data,It was soluble in lower alcohols and dimethyl sulfoxide ... but practically insoluble in hexane and water.,PAPER-1993-AOKI,Physico-chemical Properties,curated,This paper has no in vivo efficacy or serum/protein-binding data.
SAR-1993-KANETO-001,PAPU-0065,PAPU-0002,C8 short side chain in Mer-WF3010,short acyl side chain,unknown,retained Candida activity,unknown,unknown,A C8 short fatty-acid side chain is sufficient for strong Candida whole-cell activity in this papulacandin-family member,direct_data,"The short side chain fatty acid of Mer-WF3010 is shorter than that of any other known papulacandin, but the activity against Candida is as high as that of papulacandin B.",PAPER-1993-KANETO,Discussion and Table 2,curated,Important side-chain length SAR; enzyme inhibition was not measured directly in this paper.
SAR-1993-KANETO-002,PAPU-0065,,growth-state-dependent fungicidal activity,cell growth state,unknown,fungicidal in growing cells,not tested,unknown,"Mer-WF3010 killing depends on fungal growth state, consistent with cell-wall synthesis targeting",direct_data,"Mer-WF3010 is fungicidal to growing cells of Candida albicans, but is inactive on resting cells.",PAPER-1993-KANETO,Fig. 3 and Biological Activity text,curated,Treat as mode-of-action context; not a quantified MIC endpoint.
SAR-1993-KANETO-003,PAPU-0065,,Candida-selective spectrum,organism context,unknown,Candida active but Cryptococcus and Aspergillus inactive,unknown,unknown,Mer-WF3010 shows Candida activity with weak activity against Cryptococcus and Aspergillus in Table 2,direct_data,"Mer-WF3010 has potent antifungal activity against Candida sp., being about as active as papulacandin B.",PAPER-1993-KANETO,Table 2 and Biological Activity text,curated,Table 2 reports >40 ug/mL for Cryptococcus neoformans and Aspergillus fumigatus.
SAR-1993-KANETO-004,PAPU-0065,,acute tolerability observation,in vivo tolerability,unknown,unknown,no toxic symptoms at 1000 mg/kg,unknown,"Mer-WF3010 had no observed acute toxic symptoms after high-dose intraperitoneal administration, but efficacy and PK were not evaluated",direct_data,Mer-WF3010 did not produce any toxic symptoms in mice at a dose of 1000 mg/kg when administered intraperitoneally.,PAPER-1993-KANETO,Biological Activity text,curated,Do not interpret this as efficacy or exposure proof.
SAR-1995-JACKSON-001,PAPU-0066,PAPU-0067,Fusacandin A versus Fusacandin B potency,whole molecule/congener difference,Fusacandin A stronger,Fusacandin A much stronger than Fusacandin B in Table 1 and Table 2,not tested,unknown,Fusacandin B is a weaker minor congener while Fusacandin A is the main active congener,direct_data,Fusacandin A is considerably more active than fusacandin B.,PAPER-1995-JACKSON,Biological Activity; Table 1; Table 2,curated,Do not infer the structural driver until companion structure paper is curated.
SAR-1995-JACKSON-002,PAPU-0066,PAPU-0002,50% mouse serum activity loss,serum/exposure context,unknown,MIC shifts to >100 ug/mL in 50% mouse serum,not tested,serum_shift_liability,Fusacandin A and Papulacandin B both lose apparent activity in 50% mouse serum under this assay condition,direct_data,The MICs of both fusacandin A and papulacandin B are greatly increased.,PAPER-1995-JACKSON,Table 1; Biological Activity,curated,This directly supports the user-corrected framing: serum-free activity can be reasonable while serum activity drops strongly.
SAR-1995-JACKSON-003,PAPU-0066,PAPU-0002,glucan synthase and whole-cell beta-glucan labeling,target engagement,Fusacandin A inhibits GS but less than Papulacandin B,retains Candida MIC in no-serum broth,not tested,unknown,Fusacandin A has target-linked beta-glucan synthesis inhibition by enzyme curve and whole-cell radiolabeling,direct_data,"Fusacandin A was shown by two methods to be an inhibitor of (1,3)-beta-glucan synthesis.",PAPER-1995-JACKSON,Fig. 6; Table 3; Conclusion,curated,Fig. 6 lacks tabulated IC50; keep enzyme values approximate and emphasize direction.
SAR-1995-JACKSON-004,PAPU-0066,PAPU-0002,sorbitol protection phenotype,cell wall target context,unknown,MIC antagonized by sorbitol,not tested,unknown,Osmotic protection by sorbitol supports a fungal cell-wall target for Fusacandin and Papulacandin B activity,direct_data,The presence of sorbitol antagonized the inhibition of Candida albicans.,PAPER-1995-JACKSON,Table 2; Biological Activity,curated,Cilofungin and amphotericin B controls were not curated as compounds under the Papulacandin-only v0.1 boundary.
SAR-1996-CHEN-001,PAPU-0068,PAPU-0069,"C6' cinnamyl ester versus 2E,4Z-decadienoic ester",C6' short acyl side chain,Saricandin much weaker GS IC50 than PF-1042,Saricandin weaker Candida CCH 442 MIC than PF-1042,not tested,unknown,The C6-prime short acyl side chain identity strongly affects whole-cell and enzyme potency in this matched papulacandin pair,direct_pairwise_data,The activity of saricandin was weaker.,PAPER-1996-CHEN,Fig. 1; Table 2; Biological Activity text,curated,"Pair is structurally close by Fig. 1, but still treat this as literature-derived SAR inference rather than a designed single-site analog experiment."
SAR-1996-CHEN-002,PAPU-0069,PAPU-0002,PF-1042 potency relative to Fusacandin A and Papulacandin B,whole molecule / acyl side-chain combination,"PF-1042 GS IC50 6.5 ug/mL, between Papulacandin B and Fusacandin A in Table 2","PF-1042 MIC 0.49 ug/mL, comparable to Fusacandin A and Papulacandin B",not tested,unknown,PF-1042/BE-29602 preserves strong no-serum Candida activity and beta-glucan synthase inhibition in this assay panel,direct_data,PF-1042 was comparable to fusacandin A and papulacandin B.,PAPER-1996-CHEN,Table 2; Biological Activity text,curated,Do not interpret as serum or in vivo translation evidence; Table 2 is no-serum plus sorbitol protection and enzyme IC50.
SAR-1996-CHEN-003,PAPU-0068,PAPU-0069,sorbitol protection phenotype across papulacandin-related compounds,cell wall target context,higher Saricandin MIC paralleled by higher GS IC50,0.8 M sorbitol rescues growth for saricandin and related compounds,not tested,unknown,Sorbitol antagonism supports a fungal cell-wall mode of action for saricandin and co-tested papulacandin-related compounds,direct_data,Sorbitol could rescue the growth of cells.,PAPER-1996-CHEN,Table 2; Biological Activity text,curated,This is not a serum effect; record separately from the 50% mouse serum liability observed in NO.12.
SAR-1996-MAGOME-001,PAPU-0070,PAPU-0002,chaetiacandin-type benzyl alcohol core without spirocyclic moiety,aryl glycoside core / spiroketal region,not tested,retains marked Candida activity despite lacking the papulacandin B spirocyclic moiety,not tested,unknown,"The classical spirocyclic moiety is not strictly required for strong Candida whole-cell activity, but organism spectrum remains limited",direct_structure_activity_context,furanocandin is of the chaetiacandin type with no spirocyclic moiety.,PAPER-1996-MAGOME,Fig. 1; Table 1; Structure text,curated,This is a rational interpretation combining the structure text and Table 1 activity; no enzyme data were reported in this paper.
SAR-1996-MAGOME-002,PAPU-0070,,beta-D-galactofuranose unit in diglycoside moiety,second sugar / diglycoside core,not tested,active against Candida species but weak against Cryptococcus and Aspergillus in Table 1,not tested,unknown,Galactofuranose-containing papulacandin expands sugar-core diversity for future SAR but does not by itself establish broader spectrum,direct_data,Furanocandin is the compound shown to possess a galactofuranosyl unit.,PAPER-1996-MAGOME,Scheme 3; Table 1; Structure text,curated,Treat as scaffold-diversity evidence; do not over-interpret causal activity contribution without matched analogs.
SAR-1996-MAGOME-003,PAPU-0070,,Candida-selective activity spectrum,organism context,not tested,strong Candida activity but Cryptococcus neoformans and Aspergillus fumigatus MIC >100 ug/mL,not tested,unknown,Furanocandin supports the recurring Papulacandin-family pattern of strong yeast/Candida activity with limited activity against organisms less dependent or less accessible to the same cell-wall target context,direct_data,MIC data are given in Table 1.,PAPER-1996-MAGOME,Table 1,curated,Amphotericin B comparator values were not curated as database compound rows.
SAR-1996-OKADA-001,PAPU-0069,PAPU-0063,"BE-29602 side-chain differences versus L-687,781",C3 long acyl chain and C6' short acyl chain,not directly tested in this paper,retains potent yeast and Candida activity,not tested,unknown,BE-29602 preserves a papulacandin-like active profile despite a chaetiacandin-like C10 short side chain and missing C8/C14 methyl groups on the long side chain,direct_structure_activity_context,"BE-29602 has a spirocyclic diglycoside, but its C10 side chain at C-6' position is identical to that of chaetiacandin.",PAPER-1996-OKADA,Fig. 1; Table 3; Discussion text,curated,"This is cross-natural-product SAR context, not a designed one-change analog experiment."
SAR-1996-OKADA-002,PAPU-0069,,yeast-selective antimicrobial spectrum,organism context,"expected beta-1,3-glucan synthesis inhibition but not measured directly",strong against Candida/Saccharomyces/Schizosaccharomyces but weak or incomplete against several filamentous fungi and bacteria,not tested,unknown,BE-29602 supports the recurring Papulacandin-family pattern of potent yeast activity with limited broad antibacterial or mold activity,direct_data,BE-29602 showed potent growth inhibition against several yeasts.,PAPER-1996-OKADA,Table 3; Biological properties text,curated,Do not enter non-Papulacandin organisms as compounds; they are assay organisms only.
SAR-1996-OKADA-003,PAPU-0069,,P388 mammalian-cell growth inhibition context,selectivity / cytotoxicity context,not tested,Candida MIC values are far below P388 IC50 in this paper,not tested,unknown,"BE-29602 has a useful in vitro fungal-versus-P388 margin in no-serum antimicrobial agar assays, but this is not PK or in vivo efficacy evidence",direct_data,The IC50 was 21 ug/ml.,PAPER-1996-OKADA,Biological properties text; Table 3,curated,Keep cytotoxicity separate from serum-shift liability and animal efficacy translation.
SAR-1996-YEUNG-001,PAPU-0066,PAPU-0002,parent serum-shift liability,serum/protein binding context,not tested,Fusacandin A and Papulacandin B retain no-serum Candida MIC but shift to >100 ug/mL in 50% mouse serum,poor animal-model translation discussed,serum protein binding liability,"Parent papulacandin/fusacandin whole-cell activity can be good without serum, but serum/protein binding sharply reduces apparent activity and may explain poor in vivo conversion.",direct_data,fusacandin was highly protein bound such that in the presence of serum its MIC increased from 0.78 ug/mL to >100 ug/mL.,PAPER-1996-YEUNG,Introduction; Table 1,curated,This reinforces the user-corrected framing; do not describe the class as simply enzyme-active but cell-inactive.
SAR-1996-YEUNG-002,PAPU-0067,PAPU-0066,C-6' side chain removal or minimal acetyl replacement,C6' side chain,not tested,Fusacandin B loses potency and acetyl analog 6b is inactive against all five C. albicans strains,not tested,unknown,A substantial C-6' lipophilic side chain is required for whole-cell Candida MIC in this fusacandin series.,direct_data,the absence of the C-6' sidechain caused a great loss in activity; however simple acyl derivatives such as the acetyl analog 6b were also devoid of activity.,PAPER-1996-YEUNG,Biological Activity; Table 1,curated,This is causal within a semisynthetic series and stronger than cross-natural-product comparison.
SAR-1996-YEUNG-003,PAPU-0073,PAPU-0066,aliphatic C-6' side-chain lengthening,C6' side chain,not tested,Decanoyl 6c and related aliphatic analogs regain some no-serum MIC but remain inactive in 50% serum,not tested,serum_shift_liability remains,Lengthening the aliphatic C-6' acyl chain helps no-serum whole-cell potency but does not solve serum liability.,direct_data,"As the chain was lengthened e.g. decanoyl compound 6c, activity improved. Unfortunately, these analogs were inactive in the presence of serum.",PAPER-1996-YEUNG,Biological Activity; Table 1,curated,Keep no-serum and 50% serum rows separate during modeling.
SAR-1996-YEUNG-004,PAPU-0078,PAPU-0066,rigid fused aromatic C-6' ester,C6' side chain,not tested,Fused aromatic analogs 6f-i become the first derivatives with MIC <100 ug/mL in 50% mouse serum; 6h gives 25 ug/mL across strains,not tested,improved apparent serum activity,Rigid aromatic replacement at C-6' can reduce the severity of serum-associated activity loss while retaining Candida MIC.,direct_data,Expanding the aromatic nucleus led to compounds 6f-i which... were the first derivatives to present activity (<100 ug/mL) in presence of mouse serum assay.,PAPER-1996-YEUNG,Biological Activity; Table 1,curated,6h is a useful benchmark for serum-retained MIC but not an in vivo/PK proof.
SAR-1996-YEUNG-005,PAPU-0084,PAPU-0080,biphenyl and alkoxy-biphenyl C-6' esters,C6' side chain,not tested,Biphenyl/terphenyl and alkoxy-biphenyl analogs show 12.5-25 ug/mL serum MIC values for many strains; authors identify 6n as most active,further PK and in vivo study ongoing,improved apparent serum activity,The biphenyl C-6' ester template is a prioritized scaffold for serum-retained Candida MIC in this paper.,direct_data,The methoxybiphenyl analog 6n was seen as the most active compound in this series and further study... is ongoing.,PAPER-1996-YEUNG,Discussion; Table 1,curated,"The table also shows several close analogs with similar serum MICs; treat 6n as author-prioritized, not uniquely dominant by every strain."
SAR-1996-YEUNG-006,PAPU-0087,PAPU-0084,overlong alkoxy chain or phenolic hydroxy analog,C6' side chain,not tested,"Octyloxy 6q and hydroxy 6u are weaker, especially in serum; methoxy-position regioisomers 6s/6t do not beat 6n",not tested,possible lipophilicity/position optimum,There is an apparent size and substituent-position optimum in the C-6' biphenyl series; simply adding polarity or long hydrophobes is not enough.,direct_data,Lengthening of the alkoxy chain... was compatible with retention of activity until the length approached that of the octyloxy analog 6q.,PAPER-1996-YEUNG,Discussion; Table 1,curated,This SAR is useful for rational side-chain design after exact structures are manually encoded.
SAR-1997-GUNAWARDANA-001,PAPU-0092,PAPU-0002,corynecandin versus Papulacandin B activity profile,whole molecule / papulacandin-type glycolipid,Corynecandin IC50 12.9 ug/mL versus Papulacandin B 1.9 ug/mL,Corynecandin MIC 0.98 ug/mL versus Papulacandin B 1.96 ug/mL in the same C. albicans CCH 442 assay,not tested,unknown,Corynecandin retains strong whole-cell Candida activity despite weaker beta-glucan synthase IC50 than Papulacandin B in this table.,direct_data,Corynecandin was found to have similar potency as an antifungal agent to several other papulacandin-type compounds.,PAPER-1997-GUNAWARDANA,Table 2; Biological activity text,curated,This supports separating whole-cell MIC from enzyme IC50 rather than collapsing them into one potency label.
SAR-1997-GUNAWARDANA-002,PAPU-0092,,sorbitol rescue phenotype,cell wall target context,"retains beta-(1,3)-glucan synthase inhibition",MIC shifts from 0.98 ug/mL without sorbitol to >250 ug/mL with 0.8 M sorbitol,not tested,not serum/exposure data,"Sorbitol rescue supports a fungal cell-wall synthesis/assembly mode of action for Corynecandin, but it should not be interpreted as serum protein binding.",direct_data,Sorbitol could rescue the growth of cells when treated with corynecandin indicating that this compound also inhibits fungal cell wall synthesis and assembly.,PAPER-1997-GUNAWARDANA,Biological activity text; Table 2,curated,Keep this separate from mouse-serum or human-serum activity-loss rows.
SAR-1997-GUNAWARDANA-003,PAPU-0092,,shorter C3 ester chain relative to chaetiacandin,C3 acyl ester,retains glucan synthase inhibitory activity,retains C. albicans MIC activity,not tested,unknown,A shortened or unusual C3 ester chain can still support antifungal and glucan synthase activity in a papulacandin-type glycolipid.,direct_structure_activity_context,The ester chain found at C3 is not found in other glycolipids and corynecandin is the smallest known member of this class to retain antifungal and glucan synthase inhibitory activity.,PAPER-1997-GUNAWARDANA,Structure discussion; Biological activity text,curated,"This is cross-natural-product SAR context, not a one-change analog experiment."
SAR-1997-GUNAWARDANA-004,PAPU-0092,PAPU-0070,chaetiacandin-type aryl glycoside without classical spiroketal,aryl glycoside core / spiroketal region,"retains beta-(1,3)-glucan synthase inhibition",retains strong C. albicans activity,not tested,unknown,Corynecandin reinforces that chaetiacandin-type papulacandin-family scaffolds lacking the classical Papulacandin B spiroketal can retain activity.,direct_structure_activity_context,The structure of 1 differs from that of chaetiacandin in having a shorter ester chain at C3.,PAPER-1997-GUNAWARDANA,Structure discussion; Table 2,curated,"Related to the Furanocandin note, but exact scaffold and side-chain encoding still need manual structure transcription."
SAR-2001-HAMDOUCHI-001,PAPU-0093,PAPU-0068,galactose plus C6 prime short fatty acid removal from Saricandin,galactose;short_acyl,no significant activity in enzyme assay,no significant activity in cell-based assays,not tested,unknown,"For the Saricandin scaffold, the galactose moiety together with the short fatty acid appears essential for antifungal activity.",direct_data,no significant antifungal activity was found,PAPER-2001-HAMDOUCHI,Biological evaluation paragraph,curated,"No numeric MIC or IC50 was reported; keep as qualitative negative SAR, not as a quantitative activity row."
SAR-2001-HAMDOUCHI-002,PAPU-0093,PAPU-0004,Saricandin analog corresponding to Papulacandin D versus natural Papulacandin D,scaffold_context,"abolished in this analog, unlike active Papulacandin D literature comparator",abolished or no significant cell activity in this analog despite active Papulacandin D precedent,not tested,unknown,"Loss of galactose/short acyl is scaffold-dependent: Papulacandin D can remain active, but the analogous Saricandin simplification is inactive.",curated_infer,This is in contrast to the observation in the papulacandin.,PAPER-2001-HAMDOUCHI,Discussion paragraph,curated,Important correction to avoid applying Papulacandin D SAR globally to Saricandin-like scaffolds.
SAR-2001-HAMDOUCHI-003,PAPU-0093,PAPU-0068,retained Saricandin C3 long acyl side chain but removed galactose/short acyl module,C3 long_acyl retained; galactose and C6 prime short_acyl absent,no significant enzyme activity despite retained long acyl chain,no significant cell activity despite retained long acyl chain,not tested,unknown,The Saricandin C3 long acyl side chain alone is insufficient to preserve antifungal activity when the galactose-linked short-acyl module is removed.,direct_data,complete loss of antifungal activity,PAPER-2001-HAMDOUCHI,Discussion paragraph,curated,Useful negative design rule for minimal Saricandin analogs.
SAR-2001-HAMDOUCHI-004,PAPU-0093,,convergent total synthesis enabled analog access but final product inactive,synthetic_access,not quantified,not quantified,not tested,synthetic route enables modification,The convergent route and chiral building block are valuable for analog design even though compound 1 itself is not active.,review_summary,ready accessibility of the chiral building block used in this synthesis along with its adaptability toward structural modifications,PAPER-2001-HAMDOUCHI,Summary paragraph,curated,Capture synthesis relevance separately from activity outcome.
SAR-2002-OHYAMA-001,PAPU-0098,PAPU-0099,papulacandin-type spirocyclic core versus chaetiacandin-type core across B/C/D matched pairs,core skeleton,papulacandin-type B1/C1/D1 IC50 0.1-0.2 ug/mL versus chaetiacandin-type B2/C2/D2 IC50 1-2 ug/mL,Candida MICs do not separate as strongly as enzyme IC50 for several strains,not tested,not reported,The spirocyclic glycoside core skeleton is linked more directly to A. fumigatus glucan synthase inhibition than to every Candida whole-cell MIC.,direct_data,"papulacandin type compounds (3, 5 and 7) were much stronger than chaetiacandin type compounds",PAPER-2002-OHYAMA,Table 3; Table 4; Discussion,curated,Group-level SAR from NO.19; representative compound_id is used to keep this table linkable while the note describes the matched series.
SAR-2002-OHYAMA-002,PAPU-0096,PAPU-0097,enzyme-cell discrepancy between matched papulacandin and chaetiacandin type analogs,core skeleton and cell penetration,B1 and C1 stronger than B2 and C2 in enzyme assay,B1/C1 Candida MICs are almost the same as B2/C2 for several Candida rows,not tested,penetration not measured,"Whole-cell potency may be influenced by membrane penetration or species-specific enzyme sensitivity, so enzyme IC50 should not be substituted for Candida MIC.",direct_data,This discrepancy may be explained by the difference in penetration,PAPER-2002-OHYAMA,Table 3; Table 4; Discussion,curated,Group-level SAR from NO.19; representative compound_id is used to keep this table linkable while the note describes the matched series.
SAR-2002-OHYAMA-003,PAPU-0100,PAPU-0098,C-6 prime R1 chain length from valeryl to hexanoyl within papulacandin-type series,C-6 prime side chain,D1 retains strong enzyme IC50 0.2 ug/mL versus C1 0.1 ug/mL,"D1 MIC is 0.5 ug/mL against three Candida ATCC strains, but remains inactive against C. tropicalis at >128 ug/mL",not tested,not reported,Small C-6 prime acyl-chain changes can tune Candida MIC in strain-dependent ways without rescuing non-Candida spectrum.,curated_infer,Table 4 shows D1 MIC 0.5 ug/mL for ATCC Candida strains and >128 ug/mL for C. tropicalis,PAPER-2002-OHYAMA,Table 3; Table 4; Discussion,curated,Group-level SAR from NO.19; representative compound_id is used to keep this table linkable while the note describes the matched series.
SAR-2002-OHYAMA-004,PAPU-0098,,limited antifungal spectrum despite Candida activity,organism spectrum,not applicable,3 to 8 active against Candida spp. but inactive against Cryptococcus neoformans and Aspergillus fumigatus at >128 ug/mL,not tested,not reported,NO.19 supports strong serum-free Candida whole-cell activity but not broad yeast/mold coverage.,direct_data,"3 to 8 have potent antifungal activities against Candida spp., although they were inactive against Aspergillus fumigatus and Cryptococcus neoformans",PAPER-2002-OHYAMA,Table 3; Table 4; Discussion,curated,Group-level SAR from NO.19; representative compound_id is used to keep this table linkable while the note describes the matched series.
SAR-2002-OHYAMA-005,PAPU-0094,,co-production of papulacandin-type and chaetiacandin-type metabolites in one fermentation broth,biosynthetic diversity,not a potency endpoint,not a potency endpoint,not tested,not reported,"The same Lophodermium fermentation can yield both spirocyclic papulacandin-type and chaetiacandin-type cores, useful for biosynthetic and scaffold-diversity interpretation.",review_summary,first report that papulacandin and chaetiacandin type antibiotics were co-produced in the same fermentation broth,PAPER-2002-OHYAMA,Table 3; Table 4; Discussion,curated,Group-level SAR from NO.19; representative compound_id is used to keep this table linkable while the note describes the matched series.
SAR-2012-VANDERKAADEN-001,PAPU-0102,PAPU-0004,short C6 sorbic acid side chain replacing papulacandin D native side chain,C3 acyl side chain,not tested,no inhibition at the tested range; curated as MIC >100 ug/mL,not tested,not reported,The short sorbic acid side chain is too short to maintain detectable Candida activity in this monoglycoside Papulacandin D mimic.,direct_data,No inhibition was observed for the sorbic acid derivative 48.,PAPER-2012-VANDERKAADEN,Main text biological activity paragraph; Discussion; Scheme 4,curated,NO.21 reports no enzyme assay and no in vivo/PK/serum data; SAR is based on Candida albicans CBS 9975 MIC only.
SAR-2012-VANDERKAADEN-002,PAPU-0103,PAPU-0004,saturated C16 palmitoyl side chain replacing papulacandin D polyunsaturated side chain,C3 acyl side chain,not tested,MIC 88 ug/mL against Candida albicans CBS 9975,not tested,not reported,"A saturated C16 chain can retain weak-to-moderate whole-cell activity in this simplified monoglycoside, despite prior hydrogenated papulacandin D concerns.",direct_data,The saturated palmitic acid derivative 49 was slightly more potent with an MIC of 88 ug/mL.,PAPER-2012-VANDERKAADEN,Main text biological activity paragraph; Discussion; Scheme 4,curated,NO.21 reports no enzyme assay and no in vivo/PK/serum data; SAR is based on Candida albicans CBS 9975 MIC only.
SAR-2012-VANDERKAADEN-003,PAPU-0104,PAPU-0004,C18 linoleoyl side chain with two cis double bonds replacing papulacandin D tetraene side chain,C3 acyl side chain,not tested,MIC 100 ug/mL against Candida albicans CBS 9975,not tested,not reported,Two cis double bonds in a linoleoyl C18 chain preserve only moderate activity compared with natural papulacandin potency.,direct_data,The MIC for the linoleic acid derivative 50 was measured as 100 ug/mL.,PAPER-2012-VANDERKAADEN,Main text biological activity paragraph; Discussion; Scheme 4,curated,NO.21 reports no enzyme assay and no in vivo/PK/serum data; SAR is based on Candida albicans CBS 9975 MIC only.
SAR-2012-VANDERKAADEN-004,PAPU-0105,PAPU-0004,all-trans-retinoic acid side chain replacing papulacandin D native side chain,C3 acyl side chain,not tested,no inhibition at the tested range; curated as MIC >100 ug/mL,not tested,identity uncertain due degradation/aggregation,"The retinoid side chain did not yield useful activity and the final product identity is less secure, so it should be treated as a low-confidence negative analog.",direct_data,No inhibition was observed for the all-trans-retinoic acid derivative 51; no clear NMR or MS spectra were obtained.,PAPER-2012-VANDERKAADEN,Main text biological activity paragraph; Discussion; Scheme 4,curated,NO.21 reports no enzyme assay and no in vivo/PK/serum data; SAR is based on Candida albicans CBS 9975 MIC only.
SAR-2012-VANDERKAADEN-005,PAPU-0103,PAPU-0104,side-chain length and unsaturation scan in papulacandin D monoglycoside mimics,C3 acyl side chain,not tested,palmitoyl 49 MIC 88 ug/mL; linoleoyl 50 MIC 100 ug/mL; sorbyl 48 and retinoyl 51 inactive,not tested,not reported,"In this simplified Papulacandin D series, side-chain identity is crucial, but these substitutions remain only weak/moderate and do not create a potent lead.",curated_infer,The compounds were moderately active at best and the side chains are of crucial importance.,PAPER-2012-VANDERKAADEN,Main text biological activity paragraph; Discussion; Scheme 4,curated,NO.21 reports no enzyme assay and no in vivo/PK/serum data; SAR is based on Candida albicans CBS 9975 MIC only.
SAR-2012-VANDERKAADEN-006,PAPU-0103,,synthetic route enables future aromatic-core and disaccharide variation,synthetic_access,not tested,not a potency endpoint,not tested,route enables analog access,The route is useful for analog design even though the four tested monoglycoside side-chain mimics are weak.,review_summary,The synthetic route will allow future variation of the aromatic core and extension to disaccharide papulacandins.,PAPER-2012-VANDERKAADEN,Main text biological activity paragraph; Discussion; Scheme 4,curated,NO.21 reports no enzyme assay and no in vivo/PK/serum data; SAR is based on Candida albicans CBS 9975 MIC only.
SAR-2015-DESOUZA-001,PAPU-0118,PAPU-0103,replace Papulacandin D spiroketal core with classical 4-formyl-2-methoxyphenyl aryl beta-glucoside,aglycone/spiroketal core,not tested,close analogues 18 and 21 were inactive while the prior spiroketal palmitoyl Papulacandin D mimic 49 had MIC 88 ug/mL,not tested,not reported,Classical aryl glycosides did not replace the Papulacandin D spiroglucoside effectively in this series.,direct_data,"Compounds 18 and 21, close analogues of the papulacandin D were inactive, while papulacandin D derivative 2 showed MIC of 88 ug mL-1",PAPER-2015-DESOUZA,Table 1; Discussion; Conclusion,curated,"NO.23 reports whole-cell Candida MIC only; no enzyme, serum, PK, or in vivo endpoint was reported."
SAR-2015-DESOUZA-002,PAPU-0107,PAPU-0106,3-formylphenyl aglycone versus 4-formyl-2-methoxyphenyl aglycone,aglycone substituent,not tested,"active compounds 7, 17, and 23 all derive from 3-hydroxybenzaldehyde; 4-formyl-2-methoxyphenyl analogs were inactive",not tested,not reported,The 3-formylphenyl aglycone is associated with the only weak activity in this paper.,direct_data,All the active compounds bear a 3-formylphenyl aglycone while no compound bearing the 4-formyl-2-methoxyphenyl aglycone displayed activity,PAPER-2015-DESOUZA,Table 1; Discussion; Conclusion,curated,"NO.23 reports whole-cell Candida MIC only; no enzyme, serum, PK, or in vivo endpoint was reported."
SAR-2015-DESOUZA-003,PAPU-0107,,peracetylated 3-formylphenyl glucoside without palmitoyl chain,aglycone/sugar protection state,not tested,compound 7 showed Candida albicans MIC 200 ug/mL despite lacking palmitoyl side chain,not tested,may indicate a non-Papulacandin mechanism,"Because compound 7 is active without the palmitoyl chain, its weak activity may not reflect the canonical Papulacandin FKS/glucan-synthase mechanism.",direct_data,"The palmitoyl side chain was not essential to the active compound 7, devoid of such a chain",PAPER-2015-DESOUZA,Table 1; Discussion; Conclusion,curated,"NO.23 reports whole-cell Candida MIC only; no enzyme, serum, PK, or in vivo endpoint was reported."
SAR-2015-DESOUZA-004,PAPU-0117,PAPU-0123,"2,3-di-O-palmitoylation in 3-formylphenyl series",glucose O-2/O-3 acylation,not tested,protected 17 active against Candida tropicalis at 200 ug/mL; deprotected 23 active against Candida albicans at 200 ug/mL,not tested,not reported,"Di-palmitoylation can produce weak species-dependent Candida activity in the 3-formylphenyl series, while mono-palmitoyl analogs were inactive.",direct_data,"two 2,3-diacylated compounds 17 and 23 showed low activity",PAPER-2015-DESOUZA,Table 1; Discussion; Conclusion,curated,"NO.23 reports whole-cell Candida MIC only; no enzyme, serum, PK, or in vivo endpoint was reported."
SAR-2015-DESOUZA-005,PAPU-0123,,weak activity and spectrum limitation,whole-cell spectrum,not tested,only three of eighteen compounds showed MIC 200 ug/mL; all other cells were no significant activity,not tested,not reported,NO.23 supplies mostly negative weak-activity SAR rather than potent Papulacandin-like activity.,curated_infer,Most compounds were inactive and three displayed low antifungal activity,PAPER-2015-DESOUZA,Table 1; Discussion; Conclusion,curated,"NO.23 reports whole-cell Candida MIC only; no enzyme, serum, PK, or in vivo endpoint was reported."
SAR-2015-DESOUZA-006,PAPU-0121,PAPU-0103,deprotected aryl glycoside C3-palmitoyl analog compared with spiroketal palmitoyl mimic,spiroketal replacement,not tested,21 was inactive against all four Candida species whereas prior spiroketal palmitoyl mimic had MIC 88 ug/mL against C. albicans,not tested,not reported,Replacing the benzannulated spiroketal with a simple aryl glycoside is unfavorable even when a palmitoyl chain is retained at O-3.,direct_data,classical aryl glycosides cannot replace the spiro glucoside,PAPER-2015-DESOUZA,Table 1; Discussion; Conclusion,curated,"NO.23 reports whole-cell Candida MIC only; no enzyme, serum, PK, or in vivo endpoint was reported."
SAR-2015-DESOUZA-007,PAPU-0123,,hydrophilic/lipophilic balance within 3-formylphenyl series,whole-molecule polarity/lipophilicity balance,not tested,not all compounds bearing the 3-formylphenyl aglycone were active; authors proposed hydrophilic/lipophilic balance also seems important,not tested,not reported,Activity in this simplified series is not explained by the 3-formylphenyl aglycone alone; whole-molecule hydrophilic/lipophilic balance should be treated as an author-level SAR hypothesis.,direct_data,hydrophilic/lipophilic balance also seems to be important,PAPER-2015-DESOUZA,Discussion; Table 1,curated,"NO.23 reports whole-cell Candida MIC only; no enzyme, serum, PK, or in vivo endpoint was reported. This row records the authors' SAR hypothesis rather than an independently measured physicochemical endpoint."
SAR-2018-SAKAI-001,PAPU-0124,,chaetiacandin-type non-spirocyclic benzyl alcohol core with beta-galactopyranoside,core and sugar moiety,not tested for pestiocandin,C. albicans MIC >256 ug/mL; multidrug-sensitive S. cerevisiae MIC 64-128 ug/mL,not tested,"not tested; soluble in MeOH, acetonitrile, CHCl3 and DMSO but not in H2O",Pestiocandin expands papulacandin-family non-spiro structure space but does not itself demonstrate potent antifungal whole-cell activity.,direct structure plus MIC table,"The paper states that the papulacandin type has a spirocyclic moiety, whereas the chaetiacandin type, including 1, does not.",PAPER-2018-SAKAI,Fig. 1; Table 2,curated,"Treat as papulacandin-class/chaetiacandin-type, not classical Papulacandin B spiroketal."
SAR-2018-SAKAI-002,PAPU-0124,,multidrug-sensitive S. cerevisiae screening strain versus wild-type yeast strains,assay strain susceptibility context,not tested,S. cerevisiae 12geneDelta0HSR-iERG6 MIC 64 ug/mL; BY25929 128 ug/mL; BY4741 and KF237 >256 ug/mL,not tested,not tested,The apparent yeast activity is strongly assay-strain dependent and may reflect permeability or efflux-barrier defects rather than broad wild-type yeast potency.,direct MIC table,The authors state that compound 1 showed more potent growth inhibition against multidrug-sensitive yeasts than wild-type yeasts.,PAPER-2018-SAKAI,Table 2; text after Table 2,curated,Do not pool the sensitized yeast MIC with ordinary Candida MIC without a strain-context feature.
SAR-2018-SAKAI-003,PAPU-0124,,weak Candida and filamentous-fungus activity in YPD assay,whole-cell antifungal spectrum,"not tested; beta-(1,3)-D-glucan synthase inhibition is discussed only as class background",Candida albicans KF1 MIC >256 ug/mL and Mucor racemosus MIC 256 ug/mL,not tested,not tested,Pestiocandin should not be used as evidence that this family always has strong Candida whole-cell potency.,direct MIC table,The authors conclude that compound 1 did not show potent antifungal activity.,PAPER-2018-SAKAI,Table 2; text after Table 2,curated,This is different from the earlier class-level serum-shift issue; here the reported no-serum Candida MIC is weak.
SAR-2018-SAKAI-004,PAPU-0124,,moderate or weak non-Candida antibacterial/fungal spectrum,whole-cell spectrum,not tested,Best Table 2 values are Bacillus subtilis 8 ug/mL and Xanthomonas oryzae pv. oryzae 16 ug/mL; many organisms are 64 to >256 ug/mL,not tested,not tested,The Table 2 profile is weak/broad screening activity rather than a clean Candida-selective antifungal profile.,direct MIC table,"The abstract describes weak growth inhibition against Gram-positive and Gram-negative bacteria, yeasts and a filamentous fungus.",PAPER-2018-SAKAI,Table 2,curated,Useful as spectrum context; not a lead-optimization SAR pair.
SAR-2020-BRETAS-001,PAPU-0125,PAPU-0004,replace Papulacandin D spiroketal with classical aryl O-glycoside and C3 para-allyloxycinnamoylaminobenzoyl ester,spiroketal core and glucose C-3 side chain,"not directly tested; compounds were only proposed as potential beta-(1,3)-D-glucan synthase inhibitors",compound 1 showed no inhibition at 500 ug/mL against the evaluated fungal species,not tested,not tested,The combined loss of the rigid spiroketal core and replacement with an aromatic amide-containing side chain is unfavorable for whole-cell antifungal activity.,direct negative MIC statement plus author interpretation,No inhibition was observed at the highest tested concentration of 500 ug/mL.,PAPER-2020-BRETAS,Figure 2; Scheme 2; Results and Discussion,curated,This extends the negative-SAR pattern for simplified aryl glucosides related to Papulacandin D.
SAR-2020-BRETAS-002,PAPU-0126,PAPU-0004,replace Papulacandin D spiroketal with classical aryl O-glycoside and C3 meta-allyloxycinnamoylaminobenzoyl ester,spiroketal core and glucose C-3 side chain,not directly tested,compound 2 showed no inhibition at 500 ug/mL against the evaluated fungal species,not tested,not tested,Moving the allyloxy substituent from para to meta in this aromatic side chain did not rescue antifungal activity.,direct negative MIC statement,Both compounds were inactive at the highest concentration evaluated (500 ug.mL-1) against all fungal species.,PAPER-2020-BRETAS,Figure 2; Scheme 2; Conclusions,curated,Do not infer a positional SAR preference between compounds 1 and 2 because both are inactive at the top concentration.
SAR-2020-BRETAS-003,PAPU-0125,PAPU-0103,aromatic cinnamoylamide side chain versus prior palmitoyl Papulacandin D simplified analog,glucose C-3 ester side chain,not tested,new analogs 1 and 2 were inactive at >500 ug/mL; prior palmitic acid-based simplified analogs also showed low or no activity,not tested,not tested,Greater aromatic rigidity and lower lipophilicity in the side chain were insufficient; the authors suggest the correct rigidity and lipophilic/hydrophilic balance is essential.,author interpretation plus cross-paper context,The authors state that the side chain is more rigid and less lipophilic than the prototype due to aromatic rings and an amide bond.,PAPER-2020-BRETAS,Results and Discussion,curated,Use as qualitative SAR only; no matched enzyme IC50 was reported.
SAR-2020-BRETAS-004,PAPU-0125,PAPU-0004,assay endpoint is only a top-concentration negative whole-cell screen,assay evidence type,"not measured despite beta-(1,3)-D-glucan synthase design rationale",negative whole-cell result only; no exact MIC below or above 500 ug/mL beyond censored >500 value,not tested,not tested,"This paper should be used as negative whole-cell SAR, not as direct evidence about beta-(1,3)-D-glucan synthase binding or inhibition.",curator interpretation from reported endpoints,"The abstract describes the analogs as potential glucan synthase inhibitors, but the reported biological result is growth inhibition only.",PAPER-2020-BRETAS,Abstract; Results and Discussion,curated,Keep endpoint separation explicit.
SAR-2024-LU-001,PAPU-0130,PAPU-0124,spirocyclic papulacandin core versus pestiocandin-like non-spiro core with the same R1=B/R2=D side-chain mapping,core scaffold,not tested directly,pestiorosin D MIC 0.12 ug/mL and pestiocandin MIC 0.06 ug/mL against C. albicans ATCC 10231,not tested,not tested,Both spiro and non-spiro cores can support sub-ug/mL Candida potency when the B/D side-chain set is present; core status alone is not sufficient to rank activity.,direct Table 3 comparison plus structure figure,Table 3 reports C. albicans MIC 0.12 ug/mL for compound 4 and 0.06 ug/mL for compound 7.,PAPER-2024-LU,Figure 1; Table 3,curated,Use as matched qualitative SAR because 4 and 7 share R1=B/R2=D but differ in core type.
SAR-2024-LU-002,PAPU-0124,,same pestiocandin structure evaluated in different assay/strain contexts across papers,assay context,not tested directly in either pestiocandin paper,"Lu 2024 reports C. albicans ATCC 10231 MIC 0.06 ug/mL, whereas Sakai 2018 reports C. albicans KF1 MIC >256 ug/mL in YPD assay",not tested,not tested,"The large pestiocandin Candida discrepancy should be treated as assay-context evidence rather than duplicate chemistry; medium, strain, and protocol can dominate apparent potency.",cross-paper MIC comparison,Lu 2024 Table 3 gives C. albicans MIC 0.06 ug/mL; Sakai 2018 Table 2 gives C. albicans KF1 MIC >256 ug/mL.,PAPER-2018-SAKAI;PAPER-2024-LU,Lu 2024 Table 3; Sakai 2018 Table 2,curated,Do not collapse these rows during modeling without assay/strain/medium features.
SAR-2024-LU-003,PAPU-0127,PAPU-0124,change galactose C-6' side-chain residue from B in pestiocandin to A or C in pestiorosins A/C,galactose C-6' acyl chain,not tested directly,non-spiro A/D pestiorosin A MIC 0.50 ug/mL and non-spiro C/D pestiorosin C MIC 2.00 ug/mL versus B/D pestiocandin MIC 0.06 ug/mL,not tested,not tested,The galactose C-6' side chain strongly modulates Candida MIC; the B side chain in pestiocandin is favored in this small matched set.,direct Table 3 comparison,"Table 3 reports MIC values 0.50, 2.00, and 0.06 ug/mL for compounds 1, 3, and 7, respectively.",PAPER-2024-LU,Figure 1; Table 3,curated,This is still qualitative because full matched physicochemical context was not separated.
SAR-2024-LU-004,PAPU-0128,PAPU-0124,replace glucose C-3 residue D tetraenoic hydroxy acid with residue E hydroxy dienoic acid while retaining non-spiro R1=B core context,glucose C-3 acyl chain,not tested directly,pestiorosin B MIC 1.00 ug/mL versus pestiocandin MIC 0.06 ug/mL against C. albicans ATCC 10231,not tested,not tested,Greater unsaturation/length pattern in residue D may favor Candida potency relative to residue E in the non-spiro B side-chain context.,direct Table 3 comparison,Table 3 reports MIC 1.00 ug/mL for compound 2 and 0.06 ug/mL for compound 7.,PAPER-2024-LU,Figure 1; Table 3,curated,Interpret cautiously because residue E assignment and full side-chain conformation need manual structure drawing.
SAR-2024-LU-005,PAPU-0127,,antifungal selectivity over tested bacteria,whole-cell spectrum,not tested directly,compounds 1-7 show C. albicans MIC 0.06-2.00 ug/mL but E. coli and S. aureus MIC >128 ug/mL,not tested,not tested,The pestiorosin/pestiocandin set shows a Candida-selective whole-cell profile under the reported CLSI conditions.,direct Table 3 spectrum comparison,Table 3 reports Candida MIC values from 0.06 to 2.00 ug/mL and bacterial MIC values >128 ug/mL.,PAPER-2024-LU,Table 3,curated,This does not prove FKS selectivity because no enzyme or rescue assay was included.
SAR-2024-LU-006,PAPU-0132,,mammalian cytotoxicity context for the most cytotoxic reported pestiorosin/pestiocandin rows,cell selectivity,not tested directly,pestiorosin F Candida MIC 1.00 ug/mL and pestiocandin Candida MIC 0.06 ug/mL; cytotoxic IC50 values are 16.83 uM for pestiorosin F in MCF-7 and 24.51 uM for pestiocandin in BV2,not tested,cytotoxicity observed only at tens of micromolar concentrations for the reported active cell-line pairs,"Mammalian cytotoxicity in this paper is weaker than Candida MIC in molar terms, but it should be tracked separately from serum binding and PK limitations.",direct Table 3 plus Figure 5 comparison,"The paper reports IC50 values below 40 uM only for compounds 3, 6, and 7.",PAPER-2024-LU,Table 3; Figure 5; Table S1 statement,curated,Do not treat MTT cytotoxicity as evidence for or against serum-shift behavior.
SAR-2026-AGUDELORESTREPO-001,PAPU-0133,PAPU-0065,saturated C8 galactosyl C-6' short acyl chain in Papulacandin G versus polyunsaturated short acyl chain in Mer-WF3010,galactosyl C-6' acyl chain,not directly tested,"Papulacandin G MIC 4.1 ug/mL against C. albicans and 8.3 ug/mL against S. pombe; Mer-WF3010 MIC 0.2 and 2.1 ug/mL, respectively",not tested,not tested,Saturating the short C8 side chain preserves antifungal activity but is less favorable than the Mer-WF3010 short-chain pattern in this assay.,direct Table 4 comparison plus structure elucidation,The paper states that compound 1 differs from Mer-WF3010 by absence of the conjugated three-double-bond spin system in the short acyl chain.,PAPER-2026-AGUDELORESTREPO,Figure 4; Table 2; Table 4; structure elucidation text,curated,Keep this as qualitative SAR until full isomeric structures and E/Z geometry are drawn.
SAR-2026-AGUDELORESTREPO-002,PAPU-0004,PAPU-0065,Papulacandin D lacks one acyl chain relative to disaccharide papulacandins such as Mer-WF3010,acyl-chain complement and disaccharide context,not directly tested in this paper,"Papulacandin D was inactive across the Table 4 panel (MIC >66.6 ug/mL), while Mer-WF3010 retained Candida and S. pombe activity",not tested,not tested,"The absence of one acyl chain or major acyl-chain simplification can markedly reduce whole-cell activity, but this should be interpreted with assay context because older Papulacandin D papers report activity.",direct Table 4 negative result plus cross-paper context,The authors state that papulacandin D did not exhibit biological activity against the tested strains.,PAPER-2026-AGUDELORESTREPO,Table 4; activity discussion,curated,Do not overwrite historical Papulacandin D MIC/ED50 rows; model with assay/source features.
SAR-2026-AGUDELORESTREPO-003,PAPU-0065,,Mer-WF3010 production by Garciamycella chlamydospora and G. cyclaminis,producing organism / chemotaxonomy,not tested,Mer-WF3010 showed C. albicans MIC 0.2 ug/mL in this paper,not tested,not tested,"Mer-WF3010 may be a useful chemotaxonomic marker for Garciamycella, but this is source-distribution information rather than target-mechanism evidence.",author interpretation plus direct isolation,The paper states that Mer-WF3010 represents a potential chemotaxonomic marker.,PAPER-2026-AGUDELORESTREPO,activity discussion; conclusion,curated,Useful for source tracking; not a structural potency rule.
SAR-2026-AGUDELORESTREPO-004,PAPU-0133,,spectrum profile of Papulacandin G and Mer-WF3010,whole-cell organism panel,not directly tested; glucan synthase target is literature background only,Papulacandin G and Mer-WF3010 were active against C. albicans and S. pombe; both lacked activity against Gram-negative bacteria and most non-Candida fungi at >66.6 ug/mL,not tested,not tested,The active papulacandins show a yeast/Gram-positive-biased whole-cell spectrum under this protocol rather than broad antimicrobial activity.,direct Table 4 spectrum comparison,Table 4 reports activity only for compounds 1 and 2 among the papulacandins in the tested microorganism panel.,PAPER-2026-AGUDELORESTREPO,Table 4,curated,No serum or protein-binding experiment was reported.
SAR-2026-AGUDELORESTREPO-005,PAPU-0133,,cytotoxicity separation from antifungal activity,mammalian cell selectivity context,not tested,Papulacandin G and Mer-WF3010 have antifungal MICs but no cytotoxic IC50 under the reported threshold for L929 and KB3.1,not tested,not tested; cytotoxicity is not a serum/PK readout,"The lack of cytotoxicity under Table 4 conditions is favorable selectivity context but should not be confused with serum stability, protein binding, or pharmacokinetic translation.",direct Table 4 cytotoxicity rows,Table 4 defines dash as no activity under test conditions with IC50 >37.,PAPER-2026-AGUDELORESTREPO,Table 4,curated,IC50 unit inconsistency in the table footnote should be manually checked.
SAR-2025-WU-001,PAPU-0130,PAPU-0134,Pestiorosin D side-chain pattern versus new Papulacandin F hydroxy C12 short side chain,galactosyl C-6' acyl chain and full acyl-chain complement,not directly tested; glucan synthase mechanism is background only,"Pestiorosin D MIC50 0.57 uM and 92 percent inhibition at 100 uM, while Papulacandin F showed only 3.1 percent inhibition at 100 uM and no MIC50 was tested",not tested,not tested,The exact C-6 prime acyl-chain identity is critical in the fluconazole-resistant Candida assay; the new hydroxy dodecenoic short chain in Papulacandin F is unfavorable relative to Pestiorosin D.,direct Table 2 comparison plus structure elucidation,Table 2 reports compound 1 inhibition 3.1 percent and compound 3 MIC50 0.57 uM.,PAPER-2025-WU,Figure 2; Table 2; activity discussion,curated,Qualitative SAR only; no direct enzyme readout was reported.
SAR-2025-WU-002,PAPU-0135,PAPU-0134,removal of galactosyl C-6' fatty acid in Papulacandin G (Wu 2025),galactosyl C-6' acyl chain,not tested,Papulacandin G (Wu 2025) showed 8.3 percent inhibition at 100 uM and no MIC50 was tested,not tested,not tested,"Loss of the C-6' fatty-acid residue is insufficient for resistant-Candida activity in this assay, even with the spiroketal diglycoside core and C-3 long acyl chain retained.",direct inhibition screen,The paper states that compound 2 differs from 1 by the absence of a fatty acid at C-6' in the beta-galactopyranosyl group.,PAPER-2025-WU,Figure 2; Table 2; structure elucidation text,curated,Do not encode an inferred MIC50 threshold; the source says MIC50 not tested.
SAR-2025-WU-003,PAPU-0131,PAPU-0130,Pestiorosin E shorter C10-like C-6 prime side chain versus Pestiorosin D C12 2E-dodecenoic side chain,galactosyl C-6' acyl chain,not tested,Pestiorosin D MIC50 0.57 uM; Pestiorosin E MIC50 3.8 uM against fluconazole-resistant C. albicans,not tested,not tested,"Pestiorosin D is more potent than Pestiorosin E in this resistant-Candida assay, consistent with the C-6 prime side chain being a major potency determinant.",direct Table 2 comparison,"The paper states that Pestiorosin D and Pestiorosin E showed MIC50 values of 0.57 and 3.8 uM, respectively.",PAPER-2025-WU,Table 2; activity discussion,curated,This agrees directionally with Lu 2024 where pestiorosin D was also more potent than pestiorosin E in C. albicans.
SAR-2025-WU-004,PAPU-0130,,fluconazole-resistant Candida assay context,assay strain/resistance context,not tested directly,Pestiorosin D remained potent against fluconazole-resistant C. albicans with fluconazole MIC >500 ug/mL,not tested,not tested,"Papulacandin-family activity against this fluconazole-resistant isolate supports cross-resistance separation from azoles, but mechanism and clinical translation still require direct testing.",direct resistant-strain MIC50,The methods state the fluconazole-resistant C. albicans had fluconazole MIC >500 ug/mL.,PAPER-2025-WU,Antifungal Activity Assays section; Table 2,curated,No serum/PK/in vivo data and no enzyme assay were reported.
SAR-2025-WU-005,PAPU-0135,PAPU-0133,Papulacandin G naming collision across independent papers,nomenclature/curation,not applicable,not comparable by name because Wu 2025 Papulacandin G and Agudelo-Restrepo 2026 Papulacandin G are different formulas and structures,not applicable,not applicable,"Compound names alone are unsafe keys for this database; use compound_id, formula, source paper, and structural fields for joins.",direct nomenclature conflict,Wu 2025 names compound 2 papulacandin G; Agudelo-Restrepo 2026 previously names a different compound papulacandin G.,PAPER-2025-WU;PAPER-2026-AGUDELORESTREPO,Wu 2025 structure text; Agudelo-Restrepo 2026 structure text,curated,Database canonical names were disambiguated as Papulacandin G (Wu 2025) and Papulacandin G (Agudelo-Restrepo 2026).
SAR-2010-DESOUZA-001,PAPU-0125,PAPU-0118,replace palmitoyl chain with aromatic cadeia 11 cinnamoylamide-benzoyl side chain,glucose O-3,unknown,weak limited activity,unknown,unknown,Replacing the aliphatic palmitoyl ester with the more rigid aromatic cadeia 11 side chain did not restore strong Candida whole-cell potency in the simplified aryl O-glycoside scaffold.,direct_data,Table 69 reports 18b at 200 ug/mL only against Candida tropicalis and >200 ug/mL against the other Candida species.,PAPER-2010-DESOUZA,Figure 8; Table 69; Conclusions,curated,18b maps to existing PAPU-0125 from the later Bretas 2020 paper; thesis table provides earlier MIC50-like data at a lower 200 ug/mL ceiling.
SAR-2010-DESOUZA-002,PAPU-0136,PAPU-0125,"add a second cadeia 11 side chain to make a 2,3-diester",glucose O-2 and O-3,unknown,decreased or no improvement,unknown,unknown,Adding a second bulky aromatic cadeia 11 side chain did not improve Candida activity relative to mono-substituted 18b.,direct_data,"Table 69 reports 19b >200 ug/mL against Candida albicans, C. krusei, C. parapsilosis, and C. tropicalis.",PAPER-2010-DESOUZA,Figure 8; Figure 16; Table 69,curated,Use cautiously because the thesis source is a screenshot excerpt and no detailed assay method is visible.
SAR-2010-DESOUZA-003,PAPU-0123,PAPU-0121,"increase from mono-palmitoyl to 2,3-di-O-palmitoyl 3-formylphenyl analog",glucose O-2 and O-3,unknown,weak limited activity,unknown,unknown,"The 3-formylphenyl 2,3-di-palmitoyl analog showed only weak, species-limited MIC50 activity at 200 ug/mL.",direct_data,Table 69 reports 17b 200 ug/mL against Candida albicans and >200 ug/mL against the other listed Candida species.,PAPER-2010-DESOUZA,Figure 8; Table 69; Conclusions,curated,"There is an internal source conflict: the conclusion text appears to assign 17b activity to Candida tropicalis, but the table places the 200 ug/mL value under Candida albicans. User manual review on 2026-06-08 confirmed the table and conclusion cannot be reconciled, so the SAR note follows Table 69."
SAR-2010-DESOUZA-004,PAPU-0111,PAPU-0109,"4,6-O-benzylidene protection on 3-formylphenyl beta-D-glucoside",glucose O-4/O-6,unknown,weak limited activity,unknown,unknown,"A protected 3-formylphenyl glucoside intermediate showed only borderline MIC50 activity, so protecting-group hydrophobicity alone is not enough to generate strong Papulacandin-like activity.",direct_data,Table 69 reports substance 7 200 ug/mL against Candida albicans and >200 ug/mL against the other listed Candida species.,PAPER-2010-DESOUZA,Figure 8; Table 69; Conclusions,curated,"This is a synthetic intermediate, retained because the thesis activity table explicitly tested it and it remains a Papulacandin D related aryl glucoside."
SAR-2013-BRETAS-001,PAPU-0125,PAPU-0004,simplified aryl O-glycoside analog 1 with aromatic cinnamoylamide side chain,spiroketal core replaced; glucose O-3 side chain,unknown,decreased,unknown,unknown,The simplified aryl O-glycoside analog 1 did not retain measurable whole-cell antifungal activity at 500 ug/mL despite the intended Papulacandin D molecular-simplification design.,direct_data,Section 5.2 states that none of the evaluated compounds was active up to 500 ug/mL.,PAPER-2013-BRETAS,Figure 2.1; Section 5.2,curated,This thesis source supports the later negative result for PAPU-0125/compound 1 and adds tested intermediate context.
SAR-2013-BRETAS-002,PAPU-0138,PAPU-0125,"4,6-O-benzylidene protected precursor of analog 1",glucose O-4/O-6 protection; glucose O-3 ester retained,unknown,no improvement,unknown,unknown,"Keeping the 4,6-O-benzylidene protecting group on the C3 ester precursor did not generate antifungal activity at the 500 ug/mL threshold.",direct_data,Section 5.2 states intermediates 5-8 were also evaluated and no compound was active up to 500 ug/mL.,PAPER-2013-BRETAS,Figure 3.1; Section 5.2,curated,Use as negative whole-cell evidence for protected intermediate 8 only; no enzyme assay was reported.
SAR-2013-BRETAS-003,PAPU-0139,PAPU-0138,move aromatic cadeia 12 ester from glucose O-3 to O-2,glucose O-2 versus O-3,unknown,no improvement,unknown,unknown,"The C2 ester regioisomer 8.1 was also inactive at 500 ug/mL, so this source does not support a favorable O-2 versus O-3 whole-cell activity preference.",direct_data,Section 5.2 explicitly includes the C-2 ester 8.1 among evaluated compounds and states that none was active up to 500 ug/mL.,PAPER-2013-BRETAS,Product 8.1 figure; Section 5.2,curated,This is a negative positional-SAR observation only; all tested values are censored at the same threshold.
SAR-2013-BRETAS-004,PAPU-0140,PAPU-0138,"add a second aromatic cadeia 12 ester to form protected 2,3-diester 8.2",glucose O-2 and O-3,unknown,no improvement,unknown,unknown,"The bulkier protected 2,3-diester 8.2 was inactive at 500 ug/mL, so increasing aromatic side-chain loading did not rescue whole-cell activity.",direct_data,Section 5.2 explicitly includes di-ester 8.2 among evaluated compounds and states that none was active up to 500 ug/mL.,PAPER-2013-BRETAS,Product 8.2 figure; Section 5.2,curated,Protected diester side product related to later deprotected di-cadeia analogs; full SMILES still needs manual drawing.
