source_id,source_type,source_name,source_database,source_url,search_query,download_date,download_file,license_or_terms_note,inclusion_summary,exclusion_summary,curator_note
EXTSRC-000001,database_api,ChEMBL molecule search,ChEMBL,https://www.ebi.ac.uk/chembl/api/data/molecule/search.json?q=caspofungin&limit=5,caspofungin,2026-06-11,data/external/fks_inhibitors/raw_downloads/auto_fetch_external_fks_v0_1/chembl/molecule_search_SEED-001_caspofungin.json,Use database records according to source database terms; verify key rows before modeling.,Candidate structures and ChEMBL molecule IDs from seed compound name.,,Candidate import; verify key structures and activity rows before modeling.
EXTSRC-000002,database_api,ChEMBL molecule search,ChEMBL,https://www.ebi.ac.uk/chembl/api/data/molecule/search.json?q=micafungin&limit=5,micafungin,2026-06-11,data/external/fks_inhibitors/raw_downloads/auto_fetch_external_fks_v0_1/chembl/molecule_search_SEED-002_micafungin.json,Use database records according to source database terms; verify key rows before modeling.,Candidate structures and ChEMBL molecule IDs from seed compound name.,,Candidate import; verify key structures and activity rows before modeling.
EXTSRC-000003,database_api,ChEMBL molecule search,ChEMBL,https://www.ebi.ac.uk/chembl/api/data/molecule/search.json?q=anidulafungin&limit=5,anidulafungin,2026-06-11,data/external/fks_inhibitors/raw_downloads/auto_fetch_external_fks_v0_1/chembl/molecule_search_SEED-003_anidulafungin.json,Use database records according to source database terms; verify key rows before modeling.,Candidate structures and ChEMBL molecule IDs from seed compound name.,,Candidate import; verify key structures and activity rows before modeling.
EXTSRC-000004,database_api,ChEMBL molecule search,ChEMBL,https://www.ebi.ac.uk/chembl/api/data/molecule/search.json?q=rezafungin&limit=5,rezafungin,2026-06-11,data/external/fks_inhibitors/raw_downloads/auto_fetch_external_fks_v0_1/chembl/molecule_search_SEED-004_rezafungin.json,Use database records according to source database terms; verify key rows before modeling.,Candidate structures and ChEMBL molecule IDs from seed compound name.,,Candidate import; verify key structures and activity rows before modeling.
EXTSRC-000005,database_api,ChEMBL molecule search,ChEMBL,https://www.ebi.ac.uk/chembl/api/data/molecule/search.json?q=cilofungin&limit=5,cilofungin,2026-06-11,data/external/fks_inhibitors/raw_downloads/auto_fetch_external_fks_v0_1/chembl/molecule_search_SEED-005_cilofungin.json,Use database records according to source database terms; verify key rows before modeling.,Candidate structures and ChEMBL molecule IDs from seed compound name.,,Candidate import; verify key structures and activity rows before modeling.
EXTSRC-000006,database_api,ChEMBL molecule search,ChEMBL,https://www.ebi.ac.uk/chembl/api/data/molecule/search.json?q=echinocandin+B&limit=5,echinocandin B,2026-06-11,data/external/fks_inhibitors/raw_downloads/auto_fetch_external_fks_v0_1/chembl/molecule_search_SEED-006_echinocandin_B.json,Use database records according to source database terms; verify key rows before modeling.,Candidate structures and ChEMBL molecule IDs from seed compound name.,,Candidate import; verify key structures and activity rows before modeling.
EXTSRC-000007,database_api,ChEMBL molecule search,ChEMBL,https://www.ebi.ac.uk/chembl/api/data/molecule/search.json?q=pneumocandin+B0&limit=5,pneumocandin B0,2026-06-11,data/external/fks_inhibitors/raw_downloads/auto_fetch_external_fks_v0_1/chembl/molecule_search_SEED-007_pneumocandin_B0.json,Use database records according to source database terms; verify key rows before modeling.,Candidate structures and ChEMBL molecule IDs from seed compound name.,,Candidate import; verify key structures and activity rows before modeling.
EXTSRC-000008,database_api,ChEMBL molecule search,ChEMBL,https://www.ebi.ac.uk/chembl/api/data/molecule/search.json?q=aculeacin+A&limit=5,aculeacin A,2026-06-11,data/external/fks_inhibitors/raw_downloads/auto_fetch_external_fks_v0_1/chembl/molecule_search_SEED-008_aculeacin_A.json,Use database records according to source database terms; verify key rows before modeling.,Candidate structures and ChEMBL molecule IDs from seed compound name.,,Candidate import; verify key structures and activity rows before modeling.
EXTSRC-000009,database_api,ChEMBL molecule search,ChEMBL,https://www.ebi.ac.uk/chembl/api/data/molecule/search.json?q=mulundocandin&limit=5,mulundocandin,2026-06-11,data/external/fks_inhibitors/raw_downloads/auto_fetch_external_fks_v0_1/chembl/molecule_search_SEED-009_mulundocandin.json,Use database records according to source database terms; verify key rows before modeling.,Candidate structures and ChEMBL molecule IDs from seed compound name.,,Candidate import; verify key structures and activity rows before modeling.
EXTSRC-000010,database_api,ChEMBL molecule search,ChEMBL,https://www.ebi.ac.uk/chembl/api/data/molecule/search.json?q=enfumafungin&limit=5,enfumafungin,2026-06-11,data/external/fks_inhibitors/raw_downloads/auto_fetch_external_fks_v0_1/chembl/molecule_search_SEED-010_enfumafungin.json,Use database records according to source database terms; verify key rows before modeling.,Candidate structures and ChEMBL molecule IDs from seed compound name.,,Candidate import; verify key structures and activity rows before modeling.
EXTSRC-000011,database_api,ChEMBL molecule search,ChEMBL,https://www.ebi.ac.uk/chembl/api/data/molecule/search.json?q=ibrexafungerp&limit=5,ibrexafungerp,2026-06-11,data/external/fks_inhibitors/raw_downloads/auto_fetch_external_fks_v0_1/chembl/molecule_search_SEED-011_ibrexafungerp.json,Use database records according to source database terms; verify key rows before modeling.,Candidate structures and ChEMBL molecule IDs from seed compound name.,,Candidate import; verify key structures and activity rows before modeling.
EXTSRC-000012,database_api,ChEMBL molecule search,ChEMBL,https://www.ebi.ac.uk/chembl/api/data/molecule/search.json?q=SCY-078&limit=5,SCY-078,2026-06-11,data/external/fks_inhibitors/raw_downloads/auto_fetch_external_fks_v0_1/chembl/molecule_search_SEED-012_SCY-078.json,Use database records according to source database terms; verify key rows before modeling.,Candidate structures and ChEMBL molecule IDs from seed compound name.,,Candidate import; verify key structures and activity rows before modeling.
EXTSRC-000013,database_api,ChEMBL assay search,ChEMBL,https://www.ebi.ac.uk/chembl/api/data/assay/search.json?q=FKS1+inhibitor&limit=3,FKS1 inhibitor,2026-06-11,data/external/fks_inhibitors/raw_downloads/auto_fetch_external_fks_v0_1/chembl/assay_search_SEED-015_FKS1_inhibitor.json,Use database records according to source database terms; verify key rows before modeling.,Candidate assay IDs from FKS/glucan-synthase keyword search.,,Assay-search expansion; manually verify target and assay descriptions.
EXTSRC-000014,database_api,ChEMBL activity by assay,ChEMBL,https://www.ebi.ac.uk/chembl/api/data/activity.json?assay_chembl_id=CHEMBL1636685,FKS1 inhibitor -> CHEMBL1636685,2026-06-11,data/external/fks_inhibitors/raw_downloads/auto_fetch_external_fks_v0_1/chembl/activity_by_assay_CHEMBL1636685_offset_0.json,Use database records according to source database terms; verify key rows before modeling.,Activity rows linked to a ChEMBL assay found by FKS/glucan-synthase keyword search.,,Assay-level candidate import; check exact endpoint definitions before use.
EXTSRC-000015,database_api,ChEMBL activity by assay,ChEMBL,https://www.ebi.ac.uk/chembl/api/data/activity.json?assay_chembl_id=CHEMBL1636700,FKS1 inhibitor -> CHEMBL1636700,2026-06-11,data/external/fks_inhibitors/raw_downloads/auto_fetch_external_fks_v0_1/chembl/activity_by_assay_CHEMBL1636700_offset_0.json,Use database records according to source database terms; verify key rows before modeling.,Activity rows linked to a ChEMBL assay found by FKS/glucan-synthase keyword search.,,Assay-level candidate import; check exact endpoint definitions before use.
EXTSRC-000016,database_api,ChEMBL activity by assay,ChEMBL,https://www.ebi.ac.uk/chembl/api/data/activity.json?assay_chembl_id=CHEMBL1636699,FKS1 inhibitor -> CHEMBL1636699,2026-06-11,data/external/fks_inhibitors/raw_downloads/auto_fetch_external_fks_v0_1/chembl/activity_by_assay_CHEMBL1636699_offset_0.json,Use database records according to source database terms; verify key rows before modeling.,Activity rows linked to a ChEMBL assay found by FKS/glucan-synthase keyword search.,,Assay-level candidate import; check exact endpoint definitions before use.
EXTSRC-000017,database_api,ChEMBL assay search,ChEMBL,https://www.ebi.ac.uk/chembl/api/data/assay/search.json?q=FKS2+inhibitor&limit=3,FKS2 inhibitor,2026-06-11,data/external/fks_inhibitors/raw_downloads/auto_fetch_external_fks_v0_1/chembl/assay_search_SEED-016_FKS2_inhibitor.json,Use database records according to source database terms; verify key rows before modeling.,Candidate assay IDs from FKS/glucan-synthase keyword search.,,Assay-search expansion; manually verify target and assay descriptions.
EXTSRC-000018,database_api,ChEMBL activity by assay,ChEMBL,https://www.ebi.ac.uk/chembl/api/data/activity.json?assay_chembl_id=CHEMBL1264567,FKS2 inhibitor -> CHEMBL1264567,2026-06-11,data/external/fks_inhibitors/raw_downloads/auto_fetch_external_fks_v0_1/chembl/activity_by_assay_CHEMBL1264567_offset_0.json,Use database records according to source database terms; verify key rows before modeling.,Activity rows linked to a ChEMBL assay found by FKS/glucan-synthase keyword search.,,Assay-level candidate import; check exact endpoint definitions before use.
EXTSRC-000019,database_api,ChEMBL activity by assay,ChEMBL,https://www.ebi.ac.uk/chembl/api/data/activity.json?assay_chembl_id=CHEMBL1264559,FKS2 inhibitor -> CHEMBL1264559,2026-06-11,data/external/fks_inhibitors/raw_downloads/auto_fetch_external_fks_v0_1/chembl/activity_by_assay_CHEMBL1264559_offset_0.json,Use database records according to source database terms; verify key rows before modeling.,Activity rows linked to a ChEMBL assay found by FKS/glucan-synthase keyword search.,,Assay-level candidate import; check exact endpoint definitions before use.
EXTSRC-000020,database_api,ChEMBL activity by assay,ChEMBL,https://www.ebi.ac.uk/chembl/api/data/activity.json?assay_chembl_id=CHEMBL1264036,FKS2 inhibitor -> CHEMBL1264036,2026-06-11,data/external/fks_inhibitors/raw_downloads/auto_fetch_external_fks_v0_1/chembl/activity_by_assay_CHEMBL1264036_offset_0.json,Use database records according to source database terms; verify key rows before modeling.,Activity rows linked to a ChEMBL assay found by FKS/glucan-synthase keyword search.,,Assay-level candidate import; check exact endpoint definitions before use.
EXTSRC-000021,database_api,ChEMBL assay search,ChEMBL,https://www.ebi.ac.uk/chembl/api/data/assay/search.json?q=glucan+synthase+inhibitor&limit=3,glucan synthase inhibitor,2026-06-11,data/external/fks_inhibitors/raw_downloads/auto_fetch_external_fks_v0_1/chembl/assay_search_SEED-017_glucan_synthase_inhibitor.json,Use database records according to source database terms; verify key rows before modeling.,Candidate assay IDs from FKS/glucan-synthase keyword search.,,Assay-search expansion; manually verify target and assay descriptions.
EXTSRC-000022,database_api,ChEMBL activity by assay,ChEMBL,https://www.ebi.ac.uk/chembl/api/data/activity.json?assay_chembl_id=CHEMBL615378,glucan synthase inhibitor -> CHEMBL615378,2026-06-11,data/external/fks_inhibitors/raw_downloads/auto_fetch_external_fks_v0_1/chembl/activity_by_assay_CHEMBL615378_offset_0.json,Use database records according to source database terms; verify key rows before modeling.,Activity rows linked to a ChEMBL assay found by FKS/glucan-synthase keyword search.,,Assay-level candidate import; check exact endpoint definitions before use.
EXTSRC-000023,database_api,ChEMBL activity by assay,ChEMBL,https://www.ebi.ac.uk/chembl/api/data/activity.json?assay_chembl_id=CHEMBL1280489,glucan synthase inhibitor -> CHEMBL1280489,2026-06-11,data/external/fks_inhibitors/raw_downloads/auto_fetch_external_fks_v0_1/chembl/activity_by_assay_CHEMBL1280489_offset_0.json,Use database records according to source database terms; verify key rows before modeling.,Activity rows linked to a ChEMBL assay found by FKS/glucan-synthase keyword search.,,Assay-level candidate import; check exact endpoint definitions before use.
EXTSRC-000024,database_api,ChEMBL activity by assay,ChEMBL,https://www.ebi.ac.uk/chembl/api/data/activity.json?assay_chembl_id=CHEMBL1280490,glucan synthase inhibitor -> CHEMBL1280490,2026-06-11,data/external/fks_inhibitors/raw_downloads/auto_fetch_external_fks_v0_1/chembl/activity_by_assay_CHEMBL1280490_offset_0.json,Use database records according to source database terms; verify key rows before modeling.,Activity rows linked to a ChEMBL assay found by FKS/glucan-synthase keyword search.,,Assay-level candidate import; check exact endpoint definitions before use.
EXTSRC-000025,database_api,ChEMBL activity by molecule,ChEMBL,https://www.ebi.ac.uk/chembl/api/data/activity.json?molecule_chembl_id=CHEMBL1237070,CHEMBL1237070,2026-06-11,data/external/fks_inhibitors/raw_downloads/auto_fetch_external_fks_v0_1/chembl/activity_by_molecule_CHEMBL1237070_offset_0.json,Use database records according to source database terms; verify key rows before modeling.,Activity rows linked to a seed-matched ChEMBL molecule.,,Filtered to FKS/fungal/antifungal-looking rows unless --keep-all-chembl-activities is set.
EXTSRC-000026,database_api,ChEMBL activity by molecule,ChEMBL,https://www.ebi.ac.uk/chembl/api/data/activity.json?molecule_chembl_id=CHEMBL1253515,CHEMBL1253515,2026-06-11,data/external/fks_inhibitors/raw_downloads/auto_fetch_external_fks_v0_1/chembl/activity_by_molecule_CHEMBL1253515_offset_0.json,Use database records according to source database terms; verify key rows before modeling.,Activity rows linked to a seed-matched ChEMBL molecule.,,Filtered to FKS/fungal/antifungal-looking rows unless --keep-all-chembl-activities is set.
EXTSRC-000027,database_api,ChEMBL activity by molecule,ChEMBL,https://www.ebi.ac.uk/chembl/api/data/activity.json?molecule_chembl_id=CHEMBL1275711,CHEMBL1275711,2026-06-11,data/external/fks_inhibitors/raw_downloads/auto_fetch_external_fks_v0_1/chembl/activity_by_molecule_CHEMBL1275711_offset_0.json,Use database records according to source database terms; verify key rows before modeling.,Activity rows linked to a seed-matched ChEMBL molecule.,,Filtered to FKS/fungal/antifungal-looking rows unless --keep-all-chembl-activities is set.
EXTSRC-000028,database_api,ChEMBL activity by molecule,ChEMBL,https://www.ebi.ac.uk/chembl/api/data/activity.json?molecule_chembl_id=CHEMBL1630575,CHEMBL1630575,2026-06-11,data/external/fks_inhibitors/raw_downloads/auto_fetch_external_fks_v0_1/chembl/activity_by_molecule_CHEMBL1630575_offset_0.json,Use database records according to source database terms; verify key rows before modeling.,Activity rows linked to a seed-matched ChEMBL molecule.,,Filtered to FKS/fungal/antifungal-looking rows unless --keep-all-chembl-activities is set.
EXTSRC-000029,database_api,ChEMBL activity by molecule,ChEMBL,https://www.ebi.ac.uk/chembl/api/data/activity.json?molecule_chembl_id=CHEMBL1631577,CHEMBL1631577,2026-06-11,data/external/fks_inhibitors/raw_downloads/auto_fetch_external_fks_v0_1/chembl/activity_by_molecule_CHEMBL1631577_offset_0.json,Use database records according to source database terms; verify key rows before modeling.,Activity rows linked to a seed-matched ChEMBL molecule.,,Filtered to FKS/fungal/antifungal-looking rows unless --keep-all-chembl-activities is set.
EXTSRC-000030,database_api,ChEMBL activity by molecule,ChEMBL,https://www.ebi.ac.uk/chembl/api/data/activity.json?molecule_chembl_id=CHEMBL2103748,CHEMBL2103748,2026-06-11,data/external/fks_inhibitors/raw_downloads/auto_fetch_external_fks_v0_1/chembl/activity_by_molecule_CHEMBL2103748_offset_0.json,Use database records according to source database terms; verify key rows before modeling.,Activity rows linked to a seed-matched ChEMBL molecule.,,Filtered to FKS/fungal/antifungal-looking rows unless --keep-all-chembl-activities is set.
EXTSRC-000031,database_api,ChEMBL activity by molecule,ChEMBL,https://www.ebi.ac.uk/chembl/api/data/activity.json?molecule_chembl_id=CHEMBL2165734,CHEMBL2165734,2026-06-11,data/external/fks_inhibitors/raw_downloads/auto_fetch_external_fks_v0_1/chembl/activity_by_molecule_CHEMBL2165734_offset_0.json,Use database records according to source database terms; verify key rows before modeling.,Activity rows linked to a seed-matched ChEMBL molecule.,,Filtered to FKS/fungal/antifungal-looking rows unless --keep-all-chembl-activities is set.
EXTSRC-000032,database_api,ChEMBL activity by molecule,ChEMBL,https://www.ebi.ac.uk/chembl/api/data/activity.json?molecule_chembl_id=CHEMBL217727,CHEMBL217727,2026-06-11,data/external/fks_inhibitors/raw_downloads/auto_fetch_external_fks_v0_1/chembl/activity_by_molecule_CHEMBL217727_offset_0.json,Use database records according to source database terms; verify key rows before modeling.,Activity rows linked to a seed-matched ChEMBL molecule.,,Filtered to FKS/fungal/antifungal-looking rows unless --keep-all-chembl-activities is set.
EXTSRC-000033,database_api,ChEMBL activity by molecule,ChEMBL,https://www.ebi.ac.uk/chembl/api/data/activity.json?molecule_chembl_id=CHEMBL217728,CHEMBL217728,2026-06-11,data/external/fks_inhibitors/raw_downloads/auto_fetch_external_fks_v0_1/chembl/activity_by_molecule_CHEMBL217728_offset_0.json,Use database records according to source database terms; verify key rows before modeling.,Activity rows linked to a seed-matched ChEMBL molecule.,,Filtered to FKS/fungal/antifungal-looking rows unless --keep-all-chembl-activities is set.
EXTSRC-000034,database_api,ChEMBL activity by molecule,ChEMBL,https://www.ebi.ac.uk/chembl/api/data/activity.json?molecule_chembl_id=CHEMBL2369955,CHEMBL2369955,2026-06-11,data/external/fks_inhibitors/raw_downloads/auto_fetch_external_fks_v0_1/chembl/activity_by_molecule_CHEMBL2369955_offset_0.json,Use database records according to source database terms; verify key rows before modeling.,Activity rows linked to a seed-matched ChEMBL molecule.,,Filtered to FKS/fungal/antifungal-looking rows unless --keep-all-chembl-activities is set.
EXTSRC-000035,database_api,ChEMBL activity by molecule,ChEMBL,https://www.ebi.ac.uk/chembl/api/data/activity.json?molecule_chembl_id=CHEMBL2374230,CHEMBL2374230,2026-06-11,data/external/fks_inhibitors/raw_downloads/auto_fetch_external_fks_v0_1/chembl/activity_by_molecule_CHEMBL2374230_offset_0.json,Use database records according to source database terms; verify key rows before modeling.,Activity rows linked to a seed-matched ChEMBL molecule.,,Filtered to FKS/fungal/antifungal-looking rows unless --keep-all-chembl-activities is set.
EXTSRC-000036,database_api,ChEMBL activity by molecule,ChEMBL,https://www.ebi.ac.uk/chembl/api/data/activity.json?molecule_chembl_id=CHEMBL260117,CHEMBL260117,2026-06-11,data/external/fks_inhibitors/raw_downloads/auto_fetch_external_fks_v0_1/chembl/activity_by_molecule_CHEMBL260117_offset_0.json,Use database records according to source database terms; verify key rows before modeling.,Activity rows linked to a seed-matched ChEMBL molecule.,,Filtered to FKS/fungal/antifungal-looking rows unless --keep-all-chembl-activities is set.
EXTSRC-000037,database_api,ChEMBL activity by molecule,ChEMBL,https://www.ebi.ac.uk/chembl/api/data/activity.json?molecule_chembl_id=CHEMBL264241,CHEMBL264241,2026-06-11,data/external/fks_inhibitors/raw_downloads/auto_fetch_external_fks_v0_1/chembl/activity_by_molecule_CHEMBL264241_offset_0.json,Use database records according to source database terms; verify key rows before modeling.,Activity rows linked to a seed-matched ChEMBL molecule.,,Filtered to FKS/fungal/antifungal-looking rows unless --keep-all-chembl-activities is set.
EXTSRC-000038,database_api,ChEMBL activity by molecule,ChEMBL,https://www.ebi.ac.uk/chembl/api/data/activity.json?molecule_chembl_id=CHEMBL3037784,CHEMBL3037784,2026-06-11,data/external/fks_inhibitors/raw_downloads/auto_fetch_external_fks_v0_1/chembl/activity_by_molecule_CHEMBL3037784_offset_0.json,Use database records according to source database terms; verify key rows before modeling.,Activity rows linked to a seed-matched ChEMBL molecule.,,Filtered to FKS/fungal/antifungal-looking rows unless --keep-all-chembl-activities is set.
EXTSRC-000039,database_api,ChEMBL activity by molecule,ChEMBL,https://www.ebi.ac.uk/chembl/api/data/activity.json?molecule_chembl_id=CHEMBL3679922,CHEMBL3679922,2026-06-11,data/external/fks_inhibitors/raw_downloads/auto_fetch_external_fks_v0_1/chembl/activity_by_molecule_CHEMBL3679922_offset_0.json,Use database records according to source database terms; verify key rows before modeling.,Activity rows linked to a seed-matched ChEMBL molecule.,,Filtered to FKS/fungal/antifungal-looking rows unless --keep-all-chembl-activities is set.
EXTSRC-000040,database_api,ChEMBL activity by molecule,ChEMBL,https://www.ebi.ac.uk/chembl/api/data/activity.json?molecule_chembl_id=CHEMBL3760049,CHEMBL3760049,2026-06-11,data/external/fks_inhibitors/raw_downloads/auto_fetch_external_fks_v0_1/chembl/activity_by_molecule_CHEMBL3760049_offset_0.json,Use database records according to source database terms; verify key rows before modeling.,Activity rows linked to a seed-matched ChEMBL molecule.,,Filtered to FKS/fungal/antifungal-looking rows unless --keep-all-chembl-activities is set.
EXTSRC-000041,database_api,ChEMBL activity by molecule,ChEMBL,https://www.ebi.ac.uk/chembl/api/data/activity.json?molecule_chembl_id=CHEMBL3833393,CHEMBL3833393,2026-06-11,data/external/fks_inhibitors/raw_downloads/auto_fetch_external_fks_v0_1/chembl/activity_by_molecule_CHEMBL3833393_offset_0.json,Use database records according to source database terms; verify key rows before modeling.,Activity rows linked to a seed-matched ChEMBL molecule.,,Filtered to FKS/fungal/antifungal-looking rows unless --keep-all-chembl-activities is set.
EXTSRC-000042,database_api,ChEMBL activity by molecule,ChEMBL,https://www.ebi.ac.uk/chembl/api/data/activity.json?molecule_chembl_id=CHEMBL3989928,CHEMBL3989928,2026-06-11,data/external/fks_inhibitors/raw_downloads/auto_fetch_external_fks_v0_1/chembl/activity_by_molecule_CHEMBL3989928_offset_0.json,Use database records according to source database terms; verify key rows before modeling.,Activity rows linked to a seed-matched ChEMBL molecule.,,Filtered to FKS/fungal/antifungal-looking rows unless --keep-all-chembl-activities is set.
EXTSRC-000043,database_api,ChEMBL activity by molecule,ChEMBL,https://www.ebi.ac.uk/chembl/api/data/activity.json?molecule_chembl_id=CHEMBL3989945,CHEMBL3989945,2026-06-11,data/external/fks_inhibitors/raw_downloads/auto_fetch_external_fks_v0_1/chembl/activity_by_molecule_CHEMBL3989945_offset_0.json,Use database records according to source database terms; verify key rows before modeling.,Activity rows linked to a seed-matched ChEMBL molecule.,,Filtered to FKS/fungal/antifungal-looking rows unless --keep-all-chembl-activities is set.
EXTSRC-000044,database_api,ChEMBL activity by molecule,ChEMBL,https://www.ebi.ac.uk/chembl/api/data/activity.json?molecule_chembl_id=CHEMBL3990039,CHEMBL3990039,2026-06-11,data/external/fks_inhibitors/raw_downloads/auto_fetch_external_fks_v0_1/chembl/activity_by_molecule_CHEMBL3990039_offset_0.json,Use database records according to source database terms; verify key rows before modeling.,Activity rows linked to a seed-matched ChEMBL molecule.,,Filtered to FKS/fungal/antifungal-looking rows unless --keep-all-chembl-activities is set.
EXTSRC-000045,database_api,ChEMBL activity by molecule,ChEMBL,https://www.ebi.ac.uk/chembl/api/data/activity.json?molecule_chembl_id=CHEMBL408597,CHEMBL408597,2026-06-11,data/external/fks_inhibitors/raw_downloads/auto_fetch_external_fks_v0_1/chembl/activity_by_molecule_CHEMBL408597_offset_0.json,Use database records according to source database terms; verify key rows before modeling.,Activity rows linked to a seed-matched ChEMBL molecule.,,Filtered to FKS/fungal/antifungal-looking rows unless --keep-all-chembl-activities is set.
EXTSRC-000046,database_api,ChEMBL activity by molecule,ChEMBL,https://www.ebi.ac.uk/chembl/api/data/activity.json?molecule_chembl_id=CHEMBL412195,CHEMBL412195,2026-06-11,data/external/fks_inhibitors/raw_downloads/auto_fetch_external_fks_v0_1/chembl/activity_by_molecule_CHEMBL412195_offset_0.json,Use database records according to source database terms; verify key rows before modeling.,Activity rows linked to a seed-matched ChEMBL molecule.,,Filtered to FKS/fungal/antifungal-looking rows unless --keep-all-chembl-activities is set.
EXTSRC-000047,database_api,ChEMBL activity by molecule,ChEMBL,https://www.ebi.ac.uk/chembl/api/data/activity.json?molecule_chembl_id=CHEMBL412839,CHEMBL412839,2026-06-11,data/external/fks_inhibitors/raw_downloads/auto_fetch_external_fks_v0_1/chembl/activity_by_molecule_CHEMBL412839_offset_0.json,Use database records according to source database terms; verify key rows before modeling.,Activity rows linked to a seed-matched ChEMBL molecule.,,Filtered to FKS/fungal/antifungal-looking rows unless --keep-all-chembl-activities is set.
EXTSRC-000048,database_api,ChEMBL activity by molecule,ChEMBL,https://www.ebi.ac.uk/chembl/api/data/activity.json?molecule_chembl_id=CHEMBL414343,CHEMBL414343,2026-06-11,data/external/fks_inhibitors/raw_downloads/auto_fetch_external_fks_v0_1/chembl/activity_by_molecule_CHEMBL414343_offset_0.json,Use database records according to source database terms; verify key rows before modeling.,Activity rows linked to a seed-matched ChEMBL molecule.,,Filtered to FKS/fungal/antifungal-looking rows unless --keep-all-chembl-activities is set.
EXTSRC-000049,database_api,ChEMBL activity by molecule,ChEMBL,https://www.ebi.ac.uk/chembl/api/data/activity.json?molecule_chembl_id=CHEMBL415669,CHEMBL415669,2026-06-11,data/external/fks_inhibitors/raw_downloads/auto_fetch_external_fks_v0_1/chembl/activity_by_molecule_CHEMBL415669_offset_0.json,Use database records according to source database terms; verify key rows before modeling.,Activity rows linked to a seed-matched ChEMBL molecule.,,Filtered to FKS/fungal/antifungal-looking rows unless --keep-all-chembl-activities is set.
EXTSRC-000050,database_api,ChEMBL activity by molecule,ChEMBL,https://www.ebi.ac.uk/chembl/api/data/activity.json?molecule_chembl_id=CHEMBL428264,CHEMBL428264,2026-06-11,data/external/fks_inhibitors/raw_downloads/auto_fetch_external_fks_v0_1/chembl/activity_by_molecule_CHEMBL428264_offset_0.json,Use database records according to source database terms; verify key rows before modeling.,Activity rows linked to a seed-matched ChEMBL molecule.,,Filtered to FKS/fungal/antifungal-looking rows unless --keep-all-chembl-activities is set.
EXTSRC-000051,database_api,ChEMBL activity by molecule,ChEMBL,https://www.ebi.ac.uk/chembl/api/data/activity.json?molecule_chembl_id=CHEMBL4297513,CHEMBL4297513,2026-06-11,data/external/fks_inhibitors/raw_downloads/auto_fetch_external_fks_v0_1/chembl/activity_by_molecule_CHEMBL4297513_offset_0.json,Use database records according to source database terms; verify key rows before modeling.,Activity rows linked to a seed-matched ChEMBL molecule.,,Filtered to FKS/fungal/antifungal-looking rows unless --keep-all-chembl-activities is set.
EXTSRC-000052,database_api,ChEMBL activity by molecule,ChEMBL,https://www.ebi.ac.uk/chembl/api/data/activity.json?molecule_chembl_id=CHEMBL4297904,CHEMBL4297904,2026-06-11,data/external/fks_inhibitors/raw_downloads/auto_fetch_external_fks_v0_1/chembl/activity_by_molecule_CHEMBL4297904_offset_0.json,Use database records according to source database terms; verify key rows before modeling.,Activity rows linked to a seed-matched ChEMBL molecule.,,Filtered to FKS/fungal/antifungal-looking rows unless --keep-all-chembl-activities is set.
EXTSRC-000053,database_api,ChEMBL activity by molecule,ChEMBL,https://www.ebi.ac.uk/chembl/api/data/activity.json?molecule_chembl_id=CHEMBL4297945,CHEMBL4297945,2026-06-11,data/external/fks_inhibitors/raw_downloads/auto_fetch_external_fks_v0_1/chembl/activity_by_molecule_CHEMBL4297945_offset_0.json,Use database records according to source database terms; verify key rows before modeling.,Activity rows linked to a seed-matched ChEMBL molecule.,,Filtered to FKS/fungal/antifungal-looking rows unless --keep-all-chembl-activities is set.
EXTSRC-000054,database_api,ChEMBL activity by molecule,ChEMBL,https://www.ebi.ac.uk/chembl/api/data/activity.json?molecule_chembl_id=CHEMBL4298168,CHEMBL4298168,2026-06-11,data/external/fks_inhibitors/raw_downloads/auto_fetch_external_fks_v0_1/chembl/activity_by_molecule_CHEMBL4298168_offset_0.json,Use database records according to source database terms; verify key rows before modeling.,Activity rows linked to a seed-matched ChEMBL molecule.,,Filtered to FKS/fungal/antifungal-looking rows unless --keep-all-chembl-activities is set.
EXTSRC-000055,database_api,ChEMBL activity by molecule,ChEMBL,https://www.ebi.ac.uk/chembl/api/data/activity.json?molecule_chembl_id=CHEMBL457547,CHEMBL457547,2026-06-11,data/external/fks_inhibitors/raw_downloads/auto_fetch_external_fks_v0_1/chembl/activity_by_molecule_CHEMBL457547_offset_0.json,Use database records according to source database terms; verify key rows before modeling.,Activity rows linked to a seed-matched ChEMBL molecule.,,Filtered to FKS/fungal/antifungal-looking rows unless --keep-all-chembl-activities is set.
EXTSRC-000056,database_api,ChEMBL activity by molecule,ChEMBL,https://www.ebi.ac.uk/chembl/api/data/activity.json?molecule_chembl_id=CHEMBL4743205,CHEMBL4743205,2026-06-11,data/external/fks_inhibitors/raw_downloads/auto_fetch_external_fks_v0_1/chembl/activity_by_molecule_CHEMBL4743205_offset_0.json,Use database records according to source database terms; verify key rows before modeling.,Activity rows linked to a seed-matched ChEMBL molecule.,,Filtered to FKS/fungal/antifungal-looking rows unless --keep-all-chembl-activities is set.
EXTSRC-000057,database_api,ChEMBL activity by molecule,ChEMBL,https://www.ebi.ac.uk/chembl/api/data/activity.json?molecule_chembl_id=CHEMBL4750941,CHEMBL4750941,2026-06-11,data/external/fks_inhibitors/raw_downloads/auto_fetch_external_fks_v0_1/chembl/activity_by_molecule_CHEMBL4750941_offset_0.json,Use database records according to source database terms; verify key rows before modeling.,Activity rows linked to a seed-matched ChEMBL molecule.,,Filtered to FKS/fungal/antifungal-looking rows unless --keep-all-chembl-activities is set.
EXTSRC-000058,database_api,ChEMBL activity by molecule,ChEMBL,https://www.ebi.ac.uk/chembl/api/data/activity.json?molecule_chembl_id=CHEMBL4764856,CHEMBL4764856,2026-06-11,data/external/fks_inhibitors/raw_downloads/auto_fetch_external_fks_v0_1/chembl/activity_by_molecule_CHEMBL4764856_offset_0.json,Use database records according to source database terms; verify key rows before modeling.,Activity rows linked to a seed-matched ChEMBL molecule.,,Filtered to FKS/fungal/antifungal-looking rows unless --keep-all-chembl-activities is set.
EXTSRC-000059,database_api,ChEMBL activity by molecule,ChEMBL,https://www.ebi.ac.uk/chembl/api/data/activity.json?molecule_chembl_id=CHEMBL499808,CHEMBL499808,2026-06-11,data/external/fks_inhibitors/raw_downloads/auto_fetch_external_fks_v0_1/chembl/activity_by_molecule_CHEMBL499808_offset_0.json,Use database records according to source database terms; verify key rows before modeling.,Activity rows linked to a seed-matched ChEMBL molecule.,,Filtered to FKS/fungal/antifungal-looking rows unless --keep-all-chembl-activities is set.
EXTSRC-000060,database_api,ChEMBL activity by molecule,ChEMBL,https://www.ebi.ac.uk/chembl/api/data/activity.json?molecule_chembl_id=CHEMBL5314378,CHEMBL5314378,2026-06-11,data/external/fks_inhibitors/raw_downloads/auto_fetch_external_fks_v0_1/chembl/activity_by_molecule_CHEMBL5314378_offset_0.json,Use database records according to source database terms; verify key rows before modeling.,Activity rows linked to a seed-matched ChEMBL molecule.,,Filtered to FKS/fungal/antifungal-looking rows unless --keep-all-chembl-activities is set.
EXTSRC-000061,database_api,ChEMBL activity by molecule,ChEMBL,https://www.ebi.ac.uk/chembl/api/data/activity.json?molecule_chembl_id=CHEMBL5414434,CHEMBL5414434,2026-06-11,data/external/fks_inhibitors/raw_downloads/auto_fetch_external_fks_v0_1/chembl/activity_by_molecule_CHEMBL5414434_offset_0.json,Use database records according to source database terms; verify key rows before modeling.,Activity rows linked to a seed-matched ChEMBL molecule.,,Filtered to FKS/fungal/antifungal-looking rows unless --keep-all-chembl-activities is set.
EXTSRC-000062,database_api,ChEMBL activity by molecule,ChEMBL,https://www.ebi.ac.uk/chembl/api/data/activity.json?molecule_chembl_id=CHEMBL5426159,CHEMBL5426159,2026-06-11,data/external/fks_inhibitors/raw_downloads/auto_fetch_external_fks_v0_1/chembl/activity_by_molecule_CHEMBL5426159_offset_0.json,Use database records according to source database terms; verify key rows before modeling.,Activity rows linked to a seed-matched ChEMBL molecule.,,Filtered to FKS/fungal/antifungal-looking rows unless --keep-all-chembl-activities is set.
EXTSRC-000063,database_api,ChEMBL activity by molecule,ChEMBL,https://www.ebi.ac.uk/chembl/api/data/activity.json?molecule_chembl_id=CHEMBL5739814,CHEMBL5739814,2026-06-11,data/external/fks_inhibitors/raw_downloads/auto_fetch_external_fks_v0_1/chembl/activity_by_molecule_CHEMBL5739814_offset_0.json,Use database records according to source database terms; verify key rows before modeling.,Activity rows linked to a seed-matched ChEMBL molecule.,,Filtered to FKS/fungal/antifungal-looking rows unless --keep-all-chembl-activities is set.
EXTSRC-000064,database_api,ChEMBL activity by molecule,ChEMBL,https://www.ebi.ac.uk/chembl/api/data/activity.json?molecule_chembl_id=CHEMBL5845863,CHEMBL5845863,2026-06-11,data/external/fks_inhibitors/raw_downloads/auto_fetch_external_fks_v0_1/chembl/activity_by_molecule_CHEMBL5845863_offset_0.json,Use database records according to source database terms; verify key rows before modeling.,Activity rows linked to a seed-matched ChEMBL molecule.,,Filtered to FKS/fungal/antifungal-looking rows unless --keep-all-chembl-activities is set.
EXTSRC-000065,database_api,ChEMBL activity by molecule,ChEMBL,https://www.ebi.ac.uk/chembl/api/data/activity.json?molecule_chembl_id=CHEMBL5868022,CHEMBL5868022,2026-06-11,data/external/fks_inhibitors/raw_downloads/auto_fetch_external_fks_v0_1/chembl/activity_by_molecule_CHEMBL5868022_offset_0.json,Use database records according to source database terms; verify key rows before modeling.,Activity rows linked to a seed-matched ChEMBL molecule.,,Filtered to FKS/fungal/antifungal-looking rows unless --keep-all-chembl-activities is set.
EXTSRC-000066,database_api,PubChem CID search,PubChem,https://pubchem.ncbi.nlm.nih.gov/rest/pug/compound/name/caspofungin/cids/JSON,caspofungin,2026-06-11,data/external/fks_inhibitors/raw_downloads/auto_fetch_external_fks_v0_1/pubchem/cids_SEED-001_caspofungin.json,Use database records according to source database terms; verify key rows before modeling.,Candidate PubChem CIDs from seed compound name.,,"Use PubChem mainly for identifiers, synonyms, and structures; verify activity separately."
EXTSRC-000067,database_api,PubChem property by CID,PubChem,"https://pubchem.ncbi.nlm.nih.gov/rest/pug/compound/cid/16119814/property/CanonicalSMILES,IsomericSMILES,InChIKey,MolecularFormula,MolecularWeight,IUPACName/JSON",caspofungin -> CID 16119814,2026-06-11,data/external/fks_inhibitors/raw_downloads/auto_fetch_external_fks_v0_1/pubchem/properties_cid_16119814.json,Use database records according to source database terms; verify key rows before modeling.,Structure and identifier fields from PubChem CID property endpoint.,,Candidate structure import; compare with ChEMBL/primary paper for key molecules.
EXTSRC-000068,database_api,PubChem synonyms by CID,PubChem,https://pubchem.ncbi.nlm.nih.gov/rest/pug/compound/cid/16119814/synonyms/JSON,caspofungin -> CID 16119814,2026-06-11,data/external/fks_inhibitors/raw_downloads/auto_fetch_external_fks_v0_1/pubchem/synonyms_cid_16119814.json,Use database records according to source database terms; verify key rows before modeling.,Synonym list from PubChem CID synonym endpoint.,,Synonyms are useful for deduplication and back-searching literature.
EXTSRC-000069,database_api,PubChem assay summary by CID,PubChem,https://pubchem.ncbi.nlm.nih.gov/rest/pug/compound/cid/16119814/assaysummary/JSON,caspofungin -> CID 16119814,2026-06-11,data/external/fks_inhibitors/raw_downloads/auto_fetch_external_fks_v0_1/pubchem/assaysummary_cid_16119814.json,Use database records according to source database terms; verify key rows before modeling.,Candidate BioAssay summary rows for seed compound.,,BioAssay rows are noisy; use as pointers and verify AID/source paper before modeling.
EXTSRC-000070,database_api,PubChem CID search,PubChem,https://pubchem.ncbi.nlm.nih.gov/rest/pug/compound/name/micafungin/cids/JSON,micafungin,2026-06-11,data/external/fks_inhibitors/raw_downloads/auto_fetch_external_fks_v0_1/pubchem/cids_SEED-002_micafungin.json,Use database records according to source database terms; verify key rows before modeling.,Candidate PubChem CIDs from seed compound name.,,"Use PubChem mainly for identifiers, synonyms, and structures; verify activity separately."
EXTSRC-000071,database_api,PubChem property by CID,PubChem,"https://pubchem.ncbi.nlm.nih.gov/rest/pug/compound/cid/477468/property/CanonicalSMILES,IsomericSMILES,InChIKey,MolecularFormula,MolecularWeight,IUPACName/JSON",micafungin -> CID 477468,2026-06-11,data/external/fks_inhibitors/raw_downloads/auto_fetch_external_fks_v0_1/pubchem/properties_cid_477468.json,Use database records according to source database terms; verify key rows before modeling.,Structure and identifier fields from PubChem CID property endpoint.,,Candidate structure import; compare with ChEMBL/primary paper for key molecules.
EXTSRC-000072,database_api,PubChem synonyms by CID,PubChem,https://pubchem.ncbi.nlm.nih.gov/rest/pug/compound/cid/477468/synonyms/JSON,micafungin -> CID 477468,2026-06-11,data/external/fks_inhibitors/raw_downloads/auto_fetch_external_fks_v0_1/pubchem/synonyms_cid_477468.json,Use database records according to source database terms; verify key rows before modeling.,Synonym list from PubChem CID synonym endpoint.,,Synonyms are useful for deduplication and back-searching literature.
EXTSRC-000073,database_api,PubChem assay summary by CID,PubChem,https://pubchem.ncbi.nlm.nih.gov/rest/pug/compound/cid/477468/assaysummary/JSON,micafungin -> CID 477468,2026-06-11,data/external/fks_inhibitors/raw_downloads/auto_fetch_external_fks_v0_1/pubchem/assaysummary_cid_477468.json,Use database records according to source database terms; verify key rows before modeling.,Candidate BioAssay summary rows for seed compound.,,BioAssay rows are noisy; use as pointers and verify AID/source paper before modeling.
EXTSRC-000074,database_api,PubChem CID search,PubChem,https://pubchem.ncbi.nlm.nih.gov/rest/pug/compound/name/anidulafungin/cids/JSON,anidulafungin,2026-06-11,data/external/fks_inhibitors/raw_downloads/auto_fetch_external_fks_v0_1/pubchem/cids_SEED-003_anidulafungin.json,Use database records according to source database terms; verify key rows before modeling.,Candidate PubChem CIDs from seed compound name.,,"Use PubChem mainly for identifiers, synonyms, and structures; verify activity separately."
EXTSRC-000075,database_api,PubChem property by CID,PubChem,"https://pubchem.ncbi.nlm.nih.gov/rest/pug/compound/cid/166548/property/CanonicalSMILES,IsomericSMILES,InChIKey,MolecularFormula,MolecularWeight,IUPACName/JSON",anidulafungin -> CID 166548,2026-06-11,data/external/fks_inhibitors/raw_downloads/auto_fetch_external_fks_v0_1/pubchem/properties_cid_166548.json,Use database records according to source database terms; verify key rows before modeling.,Structure and identifier fields from PubChem CID property endpoint.,,Candidate structure import; compare with ChEMBL/primary paper for key molecules.
EXTSRC-000076,database_api,PubChem synonyms by CID,PubChem,https://pubchem.ncbi.nlm.nih.gov/rest/pug/compound/cid/166548/synonyms/JSON,anidulafungin -> CID 166548,2026-06-11,data/external/fks_inhibitors/raw_downloads/auto_fetch_external_fks_v0_1/pubchem/synonyms_cid_166548.json,Use database records according to source database terms; verify key rows before modeling.,Synonym list from PubChem CID synonym endpoint.,,Synonyms are useful for deduplication and back-searching literature.
EXTSRC-000077,database_api,PubChem assay summary by CID,PubChem,https://pubchem.ncbi.nlm.nih.gov/rest/pug/compound/cid/166548/assaysummary/JSON,anidulafungin -> CID 166548,2026-06-11,data/external/fks_inhibitors/raw_downloads/auto_fetch_external_fks_v0_1/pubchem/assaysummary_cid_166548.json,Use database records according to source database terms; verify key rows before modeling.,Candidate BioAssay summary rows for seed compound.,,BioAssay rows are noisy; use as pointers and verify AID/source paper before modeling.
EXTSRC-000078,database_api,PubChem CID search,PubChem,https://pubchem.ncbi.nlm.nih.gov/rest/pug/compound/name/rezafungin/cids/JSON,rezafungin,2026-06-11,data/external/fks_inhibitors/raw_downloads/auto_fetch_external_fks_v0_1/pubchem/cids_SEED-004_rezafungin.json,Use database records according to source database terms; verify key rows before modeling.,Candidate PubChem CIDs from seed compound name.,,"Use PubChem mainly for identifiers, synonyms, and structures; verify activity separately."
EXTSRC-000079,database_api,PubChem property by CID,PubChem,"https://pubchem.ncbi.nlm.nih.gov/rest/pug/compound/cid/78318119/property/CanonicalSMILES,IsomericSMILES,InChIKey,MolecularFormula,MolecularWeight,IUPACName/JSON",rezafungin -> CID 78318119,2026-06-11,data/external/fks_inhibitors/raw_downloads/auto_fetch_external_fks_v0_1/pubchem/properties_cid_78318119.json,Use database records according to source database terms; verify key rows before modeling.,Structure and identifier fields from PubChem CID property endpoint.,,Candidate structure import; compare with ChEMBL/primary paper for key molecules.
EXTSRC-000080,database_api,PubChem synonyms by CID,PubChem,https://pubchem.ncbi.nlm.nih.gov/rest/pug/compound/cid/78318119/synonyms/JSON,rezafungin -> CID 78318119,2026-06-11,data/external/fks_inhibitors/raw_downloads/auto_fetch_external_fks_v0_1/pubchem/synonyms_cid_78318119.json,Use database records according to source database terms; verify key rows before modeling.,Synonym list from PubChem CID synonym endpoint.,,Synonyms are useful for deduplication and back-searching literature.
EXTSRC-000081,database_api,PubChem assay summary by CID,PubChem,https://pubchem.ncbi.nlm.nih.gov/rest/pug/compound/cid/78318119/assaysummary/JSON,rezafungin -> CID 78318119,2026-06-11,data/external/fks_inhibitors/raw_downloads/auto_fetch_external_fks_v0_1/pubchem/assaysummary_cid_78318119.json,Use database records according to source database terms; verify key rows before modeling.,Candidate BioAssay summary rows for seed compound.,,BioAssay rows are noisy; use as pointers and verify AID/source paper before modeling.
EXTSRC-000082,database_api,PubChem CID search,PubChem,https://pubchem.ncbi.nlm.nih.gov/rest/pug/compound/name/cilofungin/cids/JSON,cilofungin,2026-06-11,data/external/fks_inhibitors/raw_downloads/auto_fetch_external_fks_v0_1/pubchem/cids_SEED-005_cilofungin.json,Use database records according to source database terms; verify key rows before modeling.,Candidate PubChem CIDs from seed compound name.,,"Use PubChem mainly for identifiers, synonyms, and structures; verify activity separately."
EXTSRC-000083,database_api,PubChem property by CID,PubChem,"https://pubchem.ncbi.nlm.nih.gov/rest/pug/compound/cid/6918120/property/CanonicalSMILES,IsomericSMILES,InChIKey,MolecularFormula,MolecularWeight,IUPACName/JSON",cilofungin -> CID 6918120,2026-06-11,data/external/fks_inhibitors/raw_downloads/auto_fetch_external_fks_v0_1/pubchem/properties_cid_6918120.json,Use database records according to source database terms; verify key rows before modeling.,Structure and identifier fields from PubChem CID property endpoint.,,Candidate structure import; compare with ChEMBL/primary paper for key molecules.
EXTSRC-000084,database_api,PubChem synonyms by CID,PubChem,https://pubchem.ncbi.nlm.nih.gov/rest/pug/compound/cid/6918120/synonyms/JSON,cilofungin -> CID 6918120,2026-06-11,data/external/fks_inhibitors/raw_downloads/auto_fetch_external_fks_v0_1/pubchem/synonyms_cid_6918120.json,Use database records according to source database terms; verify key rows before modeling.,Synonym list from PubChem CID synonym endpoint.,,Synonyms are useful for deduplication and back-searching literature.
EXTSRC-000085,database_api,PubChem assay summary by CID,PubChem,https://pubchem.ncbi.nlm.nih.gov/rest/pug/compound/cid/6918120/assaysummary/JSON,cilofungin -> CID 6918120,2026-06-11,data/external/fks_inhibitors/raw_downloads/auto_fetch_external_fks_v0_1/pubchem/assaysummary_cid_6918120.json,Use database records according to source database terms; verify key rows before modeling.,Candidate BioAssay summary rows for seed compound.,,BioAssay rows are noisy; use as pointers and verify AID/source paper before modeling.
EXTSRC-000086,database_api,PubChem CID search,PubChem,https://pubchem.ncbi.nlm.nih.gov/rest/pug/compound/name/echinocandin%20B/cids/JSON,echinocandin B,2026-06-11,data/external/fks_inhibitors/raw_downloads/auto_fetch_external_fks_v0_1/pubchem/cids_SEED-006_echinocandin_B.json,Use database records according to source database terms; verify key rows before modeling.,Candidate PubChem CIDs from seed compound name.,,"Use PubChem mainly for identifiers, synonyms, and structures; verify activity separately."
EXTSRC-000087,database_api,PubChem property by CID,PubChem,"https://pubchem.ncbi.nlm.nih.gov/rest/pug/compound/cid/9898144/property/CanonicalSMILES,IsomericSMILES,InChIKey,MolecularFormula,MolecularWeight,IUPACName/JSON",echinocandin B -> CID 9898144,2026-06-11,data/external/fks_inhibitors/raw_downloads/auto_fetch_external_fks_v0_1/pubchem/properties_cid_9898144.json,Use database records according to source database terms; verify key rows before modeling.,Structure and identifier fields from PubChem CID property endpoint.,,Candidate structure import; compare with ChEMBL/primary paper for key molecules.
EXTSRC-000088,database_api,PubChem synonyms by CID,PubChem,https://pubchem.ncbi.nlm.nih.gov/rest/pug/compound/cid/9898144/synonyms/JSON,echinocandin B -> CID 9898144,2026-06-11,data/external/fks_inhibitors/raw_downloads/auto_fetch_external_fks_v0_1/pubchem/synonyms_cid_9898144.json,Use database records according to source database terms; verify key rows before modeling.,Synonym list from PubChem CID synonym endpoint.,,Synonyms are useful for deduplication and back-searching literature.
EXTSRC-000089,database_api,PubChem assay summary by CID,PubChem,https://pubchem.ncbi.nlm.nih.gov/rest/pug/compound/cid/9898144/assaysummary/JSON,echinocandin B -> CID 9898144,2026-06-11,data/external/fks_inhibitors/raw_downloads/auto_fetch_external_fks_v0_1/pubchem/assaysummary_cid_9898144.json,Use database records according to source database terms; verify key rows before modeling.,Candidate BioAssay summary rows for seed compound.,,BioAssay rows are noisy; use as pointers and verify AID/source paper before modeling.
EXTSRC-000090,database_api,PubChem CID search,PubChem,https://pubchem.ncbi.nlm.nih.gov/rest/pug/compound/name/pneumocandin%20B0/cids/JSON,pneumocandin B0,2026-06-11,data/external/fks_inhibitors/raw_downloads/auto_fetch_external_fks_v0_1/pubchem/cids_SEED-007_pneumocandin_B0.json,Use database records according to source database terms; verify key rows before modeling.,Candidate PubChem CIDs from seed compound name.,,"Use PubChem mainly for identifiers, synonyms, and structures; verify activity separately."
EXTSRC-000091,database_api,PubChem property by CID,PubChem,"https://pubchem.ncbi.nlm.nih.gov/rest/pug/compound/cid/16119739/property/CanonicalSMILES,IsomericSMILES,InChIKey,MolecularFormula,MolecularWeight,IUPACName/JSON",pneumocandin B0 -> CID 16119739,2026-06-11,data/external/fks_inhibitors/raw_downloads/auto_fetch_external_fks_v0_1/pubchem/properties_cid_16119739.json,Use database records according to source database terms; verify key rows before modeling.,Structure and identifier fields from PubChem CID property endpoint.,,Candidate structure import; compare with ChEMBL/primary paper for key molecules.
EXTSRC-000092,database_api,PubChem synonyms by CID,PubChem,https://pubchem.ncbi.nlm.nih.gov/rest/pug/compound/cid/16119739/synonyms/JSON,pneumocandin B0 -> CID 16119739,2026-06-11,data/external/fks_inhibitors/raw_downloads/auto_fetch_external_fks_v0_1/pubchem/synonyms_cid_16119739.json,Use database records according to source database terms; verify key rows before modeling.,Synonym list from PubChem CID synonym endpoint.,,Synonyms are useful for deduplication and back-searching literature.
EXTSRC-000093,database_api,PubChem assay summary by CID,PubChem,https://pubchem.ncbi.nlm.nih.gov/rest/pug/compound/cid/16119739/assaysummary/JSON,pneumocandin B0 -> CID 16119739,2026-06-11,data/external/fks_inhibitors/raw_downloads/auto_fetch_external_fks_v0_1/pubchem/assaysummary_cid_16119739.json,Use database records according to source database terms; verify key rows before modeling.,Candidate BioAssay summary rows for seed compound.,,BioAssay rows are noisy; use as pointers and verify AID/source paper before modeling.
EXTSRC-000094,database_api,PubChem CID search,PubChem,https://pubchem.ncbi.nlm.nih.gov/rest/pug/compound/name/aculeacin%20A/cids/JSON,aculeacin A,2026-06-11,data/external/fks_inhibitors/raw_downloads/auto_fetch_external_fks_v0_1/pubchem/cids_SEED-008_aculeacin_A.json,Use database records according to source database terms; verify key rows before modeling.,Candidate PubChem CIDs from seed compound name.,,"Use PubChem mainly for identifiers, synonyms, and structures; verify activity separately."
EXTSRC-000095,database_api,PubChem property by CID,PubChem,"https://pubchem.ncbi.nlm.nih.gov/rest/pug/compound/cid/53297328/property/CanonicalSMILES,IsomericSMILES,InChIKey,MolecularFormula,MolecularWeight,IUPACName/JSON",aculeacin A -> CID 53297328,2026-06-11,data/external/fks_inhibitors/raw_downloads/auto_fetch_external_fks_v0_1/pubchem/properties_cid_53297328.json,Use database records according to source database terms; verify key rows before modeling.,Structure and identifier fields from PubChem CID property endpoint.,,Candidate structure import; compare with ChEMBL/primary paper for key molecules.
EXTSRC-000096,database_api,PubChem synonyms by CID,PubChem,https://pubchem.ncbi.nlm.nih.gov/rest/pug/compound/cid/53297328/synonyms/JSON,aculeacin A -> CID 53297328,2026-06-11,data/external/fks_inhibitors/raw_downloads/auto_fetch_external_fks_v0_1/pubchem/synonyms_cid_53297328.json,Use database records according to source database terms; verify key rows before modeling.,Synonym list from PubChem CID synonym endpoint.,,Synonyms are useful for deduplication and back-searching literature.
EXTSRC-000097,database_api,PubChem assay summary by CID,PubChem,https://pubchem.ncbi.nlm.nih.gov/rest/pug/compound/cid/53297328/assaysummary/JSON,aculeacin A -> CID 53297328,2026-06-11,data/external/fks_inhibitors/raw_downloads/auto_fetch_external_fks_v0_1/pubchem/assaysummary_cid_53297328.json,Use database records according to source database terms; verify key rows before modeling.,Candidate BioAssay summary rows for seed compound.,,BioAssay rows are noisy; use as pointers and verify AID/source paper before modeling.
EXTSRC-000098,database_api,PubChem CID search,PubChem,https://pubchem.ncbi.nlm.nih.gov/rest/pug/compound/name/mulundocandin/cids/JSON,mulundocandin,2026-06-11,data/external/fks_inhibitors/raw_downloads/auto_fetch_external_fks_v0_1/pubchem/cids_SEED-009_mulundocandin.json,Use database records according to source database terms; verify key rows before modeling.,Candidate PubChem CIDs from seed compound name.,,"Use PubChem mainly for identifiers, synonyms, and structures; verify activity separately."
EXTSRC-000099,database_api,PubChem property by CID,PubChem,"https://pubchem.ncbi.nlm.nih.gov/rest/pug/compound/cid/121225706/property/CanonicalSMILES,IsomericSMILES,InChIKey,MolecularFormula,MolecularWeight,IUPACName/JSON",mulundocandin -> CID 121225706,2026-06-11,data/external/fks_inhibitors/raw_downloads/auto_fetch_external_fks_v0_1/pubchem/properties_cid_121225706.json,Use database records according to source database terms; verify key rows before modeling.,Structure and identifier fields from PubChem CID property endpoint.,,Candidate structure import; compare with ChEMBL/primary paper for key molecules.
EXTSRC-000100,database_api,PubChem synonyms by CID,PubChem,https://pubchem.ncbi.nlm.nih.gov/rest/pug/compound/cid/121225706/synonyms/JSON,mulundocandin -> CID 121225706,2026-06-11,data/external/fks_inhibitors/raw_downloads/auto_fetch_external_fks_v0_1/pubchem/synonyms_cid_121225706.json,Use database records according to source database terms; verify key rows before modeling.,Synonym list from PubChem CID synonym endpoint.,,Synonyms are useful for deduplication and back-searching literature.
EXTSRC-000101,database_api,PubChem assay summary by CID,PubChem,https://pubchem.ncbi.nlm.nih.gov/rest/pug/compound/cid/121225706/assaysummary/JSON,mulundocandin -> CID 121225706,2026-06-11,data/external/fks_inhibitors/raw_downloads/auto_fetch_external_fks_v0_1/pubchem/assaysummary_cid_121225706.json,Use database records according to source database terms; verify key rows before modeling.,Candidate BioAssay summary rows for seed compound.,,BioAssay rows are noisy; use as pointers and verify AID/source paper before modeling.
EXTSRC-000102,database_api,PubChem CID search,PubChem,https://pubchem.ncbi.nlm.nih.gov/rest/pug/compound/name/enfumafungin/cids/JSON,enfumafungin,2026-06-11,data/external/fks_inhibitors/raw_downloads/auto_fetch_external_fks_v0_1/pubchem/cids_SEED-010_enfumafungin.json,Use database records according to source database terms; verify key rows before modeling.,Candidate PubChem CIDs from seed compound name.,,"Use PubChem mainly for identifiers, synonyms, and structures; verify activity separately."
EXTSRC-000103,database_api,PubChem property by CID,PubChem,"https://pubchem.ncbi.nlm.nih.gov/rest/pug/compound/cid/25229651/property/CanonicalSMILES,IsomericSMILES,InChIKey,MolecularFormula,MolecularWeight,IUPACName/JSON",enfumafungin -> CID 25229651,2026-06-11,data/external/fks_inhibitors/raw_downloads/auto_fetch_external_fks_v0_1/pubchem/properties_cid_25229651.json,Use database records according to source database terms; verify key rows before modeling.,Structure and identifier fields from PubChem CID property endpoint.,,Candidate structure import; compare with ChEMBL/primary paper for key molecules.
EXTSRC-000104,database_api,PubChem synonyms by CID,PubChem,https://pubchem.ncbi.nlm.nih.gov/rest/pug/compound/cid/25229651/synonyms/JSON,enfumafungin -> CID 25229651,2026-06-11,data/external/fks_inhibitors/raw_downloads/auto_fetch_external_fks_v0_1/pubchem/synonyms_cid_25229651.json,Use database records according to source database terms; verify key rows before modeling.,Synonym list from PubChem CID synonym endpoint.,,Synonyms are useful for deduplication and back-searching literature.
EXTSRC-000105,database_api,PubChem assay summary by CID,PubChem,https://pubchem.ncbi.nlm.nih.gov/rest/pug/compound/cid/25229651/assaysummary/JSON,enfumafungin -> CID 25229651,2026-06-11,data/external/fks_inhibitors/raw_downloads/auto_fetch_external_fks_v0_1/pubchem/assaysummary_cid_25229651.json,Use database records according to source database terms; verify key rows before modeling.,Candidate BioAssay summary rows for seed compound.,,BioAssay rows are noisy; use as pointers and verify AID/source paper before modeling.
EXTSRC-000106,database_api,PubChem CID search,PubChem,https://pubchem.ncbi.nlm.nih.gov/rest/pug/compound/name/ibrexafungerp/cids/JSON,ibrexafungerp,2026-06-11,data/external/fks_inhibitors/raw_downloads/auto_fetch_external_fks_v0_1/pubchem/cids_SEED-011_ibrexafungerp.json,Use database records according to source database terms; verify key rows before modeling.,Candidate PubChem CIDs from seed compound name.,,"Use PubChem mainly for identifiers, synonyms, and structures; verify activity separately."
EXTSRC-000107,database_api,PubChem property by CID,PubChem,"https://pubchem.ncbi.nlm.nih.gov/rest/pug/compound/cid/46871657/property/CanonicalSMILES,IsomericSMILES,InChIKey,MolecularFormula,MolecularWeight,IUPACName/JSON",ibrexafungerp -> CID 46871657,2026-06-11,data/external/fks_inhibitors/raw_downloads/auto_fetch_external_fks_v0_1/pubchem/properties_cid_46871657.json,Use database records according to source database terms; verify key rows before modeling.,Structure and identifier fields from PubChem CID property endpoint.,,Candidate structure import; compare with ChEMBL/primary paper for key molecules.
EXTSRC-000108,database_api,PubChem synonyms by CID,PubChem,https://pubchem.ncbi.nlm.nih.gov/rest/pug/compound/cid/46871657/synonyms/JSON,ibrexafungerp -> CID 46871657,2026-06-11,data/external/fks_inhibitors/raw_downloads/auto_fetch_external_fks_v0_1/pubchem/synonyms_cid_46871657.json,Use database records according to source database terms; verify key rows before modeling.,Synonym list from PubChem CID synonym endpoint.,,Synonyms are useful for deduplication and back-searching literature.
EXTSRC-000109,database_api,PubChem assay summary by CID,PubChem,https://pubchem.ncbi.nlm.nih.gov/rest/pug/compound/cid/46871657/assaysummary/JSON,ibrexafungerp -> CID 46871657,2026-06-11,data/external/fks_inhibitors/raw_downloads/auto_fetch_external_fks_v0_1/pubchem/assaysummary_cid_46871657.json,Use database records according to source database terms; verify key rows before modeling.,Candidate BioAssay summary rows for seed compound.,,BioAssay rows are noisy; use as pointers and verify AID/source paper before modeling.
EXTSRC-000110,database_api,PubChem CID search,PubChem,https://pubchem.ncbi.nlm.nih.gov/rest/pug/compound/name/SCY-078/cids/JSON,SCY-078,2026-06-11,data/external/fks_inhibitors/raw_downloads/auto_fetch_external_fks_v0_1/pubchem/cids_SEED-012_SCY-078.json,Use database records according to source database terms; verify key rows before modeling.,Candidate PubChem CIDs from seed compound name.,,"Use PubChem mainly for identifiers, synonyms, and structures; verify activity separately."
EXTSRC-000111,database_api,PubChem property by CID,PubChem,"https://pubchem.ncbi.nlm.nih.gov/rest/pug/compound/cid/46871657/property/CanonicalSMILES,IsomericSMILES,InChIKey,MolecularFormula,MolecularWeight,IUPACName/JSON",SCY-078 -> CID 46871657,2026-06-11,data/external/fks_inhibitors/raw_downloads/auto_fetch_external_fks_v0_1/pubchem/properties_cid_46871657.json,Use database records according to source database terms; verify key rows before modeling.,Structure and identifier fields from PubChem CID property endpoint.,,Candidate structure import; compare with ChEMBL/primary paper for key molecules.
EXTSRC-000112,database_api,PubChem synonyms by CID,PubChem,https://pubchem.ncbi.nlm.nih.gov/rest/pug/compound/cid/46871657/synonyms/JSON,SCY-078 -> CID 46871657,2026-06-11,data/external/fks_inhibitors/raw_downloads/auto_fetch_external_fks_v0_1/pubchem/synonyms_cid_46871657.json,Use database records according to source database terms; verify key rows before modeling.,Synonym list from PubChem CID synonym endpoint.,,Synonyms are useful for deduplication and back-searching literature.
EXTSRC-000113,database_api,PubChem assay summary by CID,PubChem,https://pubchem.ncbi.nlm.nih.gov/rest/pug/compound/cid/46871657/assaysummary/JSON,SCY-078 -> CID 46871657,2026-06-11,data/external/fks_inhibitors/raw_downloads/auto_fetch_external_fks_v0_1/pubchem/assaysummary_cid_46871657.json,Use database records according to source database terms; verify key rows before modeling.,Candidate BioAssay summary rows for seed compound.,,BioAssay rows are noisy; use as pointers and verify AID/source paper before modeling.
EXTSRC-000114,database_api,BindingDB getTargetByCompound,BindingDB,https://bindingdb.org/rest/getTargetByCompound?smiles=CCCCCOc1ccc%28-c2ccc%28-c3ccc%28%5B14C%5D%28%3DO%29N%5BC%40H%5D4C%5BC%40%40H%5D%28O%29%5BC%40%40H%5D%28O%29NC%28%3DO%29%5BC%40%40H%5D5%5BC%40%40H%5D%28O%29%5BC%40%40H%5D%28C%29CN5C%28%3DO%29%5BC%40H%5D%28%5BC%40%40H%5D%28C%29O%29NC%28%3DO%29%5BC%40H%5D%28%5BC%40H%5D%28O%29%5BC%40%40H%5D%28O%29c5ccc%28O%29cc5%29NC%28%3DO%29%5BC%40%40H%5D5C%5BC%40%40H%5D%28O%29CN5C%28%3DO%29%5BC%40H%5D%28%5BC%40%40H%5D%28C%29O%29NC4%3DO%29cc3%29cc2%29cc1&cutoff=0.95&response=application%2Fjson,SMILES similarity cutoff 0.95: CCCCCOc1ccc(-c2ccc(-c3ccc([14C](=O)N[C@H]4C[C@@H](O)[C@@H](O)NC(=O)[C@@H]5[C@@H](O)[C@@H](C)CN5C(=O),2026-06-11,data/external/fks_inhibitors/raw_downloads/auto_fetch_external_fks_v0_1/bindingdb/getTargetByCompound_INCHIKEY_JHVAMHSQVVQIOT-QWOZJQBOSA-N.json,Use database records according to source database terms; verify key rows before modeling.,Candidate binding/affinity rows for identical or similar structures.,,BindingDB hits may be similar but not identical; manually check structure equivalence.
EXTSRC-000115,database_api,BindingDB getTargetByCompound,BindingDB,https://bindingdb.org/rest/getTargetByCompound?smiles=CCCCCCCCCCCCCCCC%28%3DO%29N%5BC%40H%5D1C%5BC%40%40H%5D%28O%29%5BC%40%40H%5D%28O%29NC%28%3DO%29%5BC%40%40H%5D2%5BC%40%40H%5D%28O%29%5BC%40%40H%5D%28C%29CN2C%28%3DO%29%5BC%40H%5D%28%5BC%40%40H%5D%28C%29O%29NC%28%3DO%29%5BC%40H%5D%28%5BC%40H%5D%28O%29%5BC%40%40H%5D%28O%29c2ccc%28O%29cc2%29NC%28%3DO%29%5BC%40%40H%5D2C%5BC%40%40H%5D%28O%29CN2C%28%3DO%29%5BC%40H%5D%28%5BC%40%40H%5D%28C%29O%29NC1%3DO&cutoff=0.95&response=application%2Fjson,SMILES similarity cutoff 0.95: CCCCCCCCCCCCCCCC(=O)N[C@H]1C[C@@H](O)[C@@H](O)NC(=O)[C@@H]2[C@@H](O)[C@@H](C)CN2C(=O)[C@H]([C@@H](C),2026-06-11,data/external/fks_inhibitors/raw_downloads/auto_fetch_external_fks_v0_1/bindingdb/getTargetByCompound_INCHIKEY_YKPHLXGEPNYRPY-ZIUFDZNVSA-N.json,Use database records according to source database terms; verify key rows before modeling.,Candidate binding/affinity rows for identical or similar structures.,,BindingDB hits may be similar but not identical; manually check structure equivalence.
EXTSRC-000116,database_api,BindingDB getTargetByCompound,BindingDB,https://bindingdb.org/rest/getTargetByCompound?smiles=CCCCCOc1ccc%28-c2ccc%28-c3ccc%28C%28%3DO%29N%5BC%40H%5D4C%5BC%40%40H%5D%28O%29%5BC%40%40H%5D%28O%29NC%28%3DO%29%5BC%40%40H%5D5%5BC%40%40H%5D%28O%29%5BC%40%40H%5D%28C%29CN5C%28%3DO%29%5BC%40H%5D%28%5BC%40%40H%5D%28C%29O%29NC%28%3DO%29%5BC%40H%5D%28%5BC%40H%5D%28O%29%5BC%40%40H%5D%28O%29c5ccc%28O%29cc5%29NC%28%3DO%29%5BC%40%40H%5D5C%5BC%40%40H%5D%28O%29CN5C%28%3DO%29%5BC%40H%5D%28%5BC%40%40H%5D%28C%29O%29NC4%3DO%29cc3%29cc2%29cc1&cutoff=0.95&response=application%2Fjson,SMILES similarity cutoff 0.95: CCCCCOc1ccc(-c2ccc(-c3ccc(C(=O)N[C@H]4C[C@@H](O)[C@@H](O)NC(=O)[C@@H]5[C@@H](O)[C@@H](C)CN5C(=O)[C@H,2026-06-11,data/external/fks_inhibitors/raw_downloads/auto_fetch_external_fks_v0_1/bindingdb/getTargetByCompound_INCHIKEY_JHVAMHSQVVQIOT-MFAJLEFUSA-N.json,Use database records according to source database terms; verify key rows before modeling.,Candidate binding/affinity rows for identical or similar structures.,,BindingDB hits may be similar but not identical; manually check structure equivalence.
EXTSRC-000117,database_api,BindingDB getTargetByCompound,BindingDB,https://bindingdb.org/rest/getTargetByCompound?smiles=CC%5BC%40H%5D%28C%29C%5BC%40H%5D%28C%29CCCCCCCCC%28%3DO%29N%5BC%40H%5D1C%5BC%40%40H%5D%28O%29%5BC%40%40H%5D%28NCCN%29NC%28%3DO%29%5BC%40%40H%5D2%5BC%40%40H%5D%28O%29CCN2C%28%3DO%29%5BC%40H%5D%28%5BC%40H%5D%28O%29CCN%29NC%28%3DO%29%5BC%40H%5D%28%5BC%40H%5D%28O%29%5BC%40%40H%5D%28O%29c2ccc%28O%29cc2%29NC%28%3DO%29%5BC%40%40H%5D2C%5BC%40%40H%5D%28O%29CN2C%28%3DO%29%5BC%40H%5D%28%5BC%40%40H%5D%28C%29O%29NC1%3DO&cutoff=0.95&response=application%2Fjson,SMILES similarity cutoff 0.95: CC[C@H](C)C[C@H](C)CCCCCCCCC(=O)N[C@H]1C[C@@H](O)[C@@H](NCCN)NC(=O)[C@@H]2[C@@H](O)CCN2C(=O)[C@H]([C,2026-06-11,data/external/fks_inhibitors/raw_downloads/auto_fetch_external_fks_v0_1/bindingdb/getTargetByCompound_INCHIKEY_JYIKNQVWKBUSNH-WVDDFWQHSA-N.json,Use database records according to source database terms; verify key rows before modeling.,Candidate binding/affinity rows for identical or similar structures.,,BindingDB hits may be similar but not identical; manually check structure equivalence.
EXTSRC-000118,database_api,BindingDB getTargetByCompound,BindingDB,https://bindingdb.org/rest/getTargetByCompound?smiles=CC%28%3DO%29O.CC%28%3DO%29O.CC%5BC%40H%5D%28C%29C%5BC%40H%5D%28C%29CCCCCCCCC%28%3DO%29N%5BC%40H%5D1C%5BC%40%40H%5D%28O%29%5BC%40%40H%5D%28NCCN%29NC%28%3DO%29%5BC%40%40H%5D2%5BC%40%40H%5D%28O%29CCN2C%28%3DO%29%5BC%40H%5D%28%5BC%40H%5D%28O%29CCN%29NC%28%3DO%29%5BC%40H%5D%28%5BC%40H%5D%28O%29%5BC%40%40H%5D%28O%29c2ccc%28O%29cc2%29NC%28%3DO%29%5BC%40%40H%5D2C%5BC%40%40H%5D%28O%29CN2C%28%3DO%29%5BC%40H%5D%28%5BC%40%40H%5D%28C%29O%29NC1%3DO&cutoff=0.95&response=application%2Fjson,SMILES similarity cutoff 0.95: CC(=O)O.CC(=O)O.CC[C@H](C)C[C@H](C)CCCCCCCCC(=O)N[C@H]1C[C@@H](O)[C@@H](NCCN)NC(=O)[C@@H]2[C@@H](O)C,2026-06-11,data/external/fks_inhibitors/raw_downloads/auto_fetch_external_fks_v0_1/bindingdb/getTargetByCompound_INCHIKEY_OGUJBRYAAJYXQP-IJFZAWIJSA-N.json,Use database records according to source database terms; verify key rows before modeling.,Candidate binding/affinity rows for identical or similar structures.,,BindingDB hits may be similar but not identical; manually check structure equivalence.
EXTSRC-000119,database_api,BindingDB getTargetByCompound,BindingDB,https://bindingdb.org/rest/getTargetByCompound?smiles=CCCCCOc1ccc%28-c2ccc%28-c3ccc%28C%28%3DO%29N%5BC%40H%5D4C%5BC%40%40H%5D%28O%29CNC%28%3DO%29%5BC%40%40H%5D5%5BC%40%40H%5D%28O%29%5BC%40%40H%5D%28C%29CN5C%28%3DO%29%5BC%40H%5D%28%5BC%40%40H%5D%28C%29O%29NC%28%3DO%29%5BC%40H%5D%28%5BC%40H%5D%28O%29Cc5ccc%28OP%28%3DO%29%28O%29OC%29cc5%29NC%28%3DO%29%5BC%40%40H%5D5C%5BC%40%40H%5D%28O%29CN5C%28%3DO%29%5BC%40H%5D%28%5BC%40%40H%5D%28C%29O%29NC4%3DO%29cc3%29cc2%29cc1&cutoff=0.95&response=application%2Fjson,SMILES similarity cutoff 0.95: CCCCCOc1ccc(-c2ccc(-c3ccc(C(=O)N[C@H]4C[C@@H](O)CNC(=O)[C@@H]5[C@@H](O)[C@@H](C)CN5C(=O)[C@H]([C@@H],2026-06-11,data/external/fks_inhibitors/raw_downloads/auto_fetch_external_fks_v0_1/bindingdb/getTargetByCompound_INCHIKEY_STKKZGFSOPNJLA-RKTOFDFSSA-N.json,Use database records according to source database terms; verify key rows before modeling.,Candidate binding/affinity rows for identical or similar structures.,,BindingDB hits may be similar but not identical; manually check structure equivalence.
EXTSRC-000120,database_api,BindingDB getTargetByCompound,BindingDB,https://bindingdb.org/rest/getTargetByCompound?smiles=CCC%28C%29CCCCCCCCCCC%28%3DO%29N%5BC%40%40H%5D1C%5BC%40%40H%5D%28O%29%5BC%40H%5D%28O%29NC%28%3DO%29%5BC%40%40H%5D2%5BC%40%40H%5D%28O%29%5BC%40%40H%5D%28C%29CN2C%28%3DO%29%5BC%40H%5D%28CO%29NC%28%3DO%29%5BC%40H%5D%28%5BC%40%40H%5D%28O%29%5BC%40H%5D%28O%29c2ccc%28O%29cc2%29NC%28%3DO%29%5BC%40%40H%5D2C%5BC%40%40H%5D%28O%29CN2C%28%3DO%29%5BC%40H%5D%28%5BC%40%40H%5D%28C%29O%29NC1%3DO&cutoff=0.95&response=application%2Fjson,SMILES similarity cutoff 0.95: CCC(C)CCCCCCCCCCC(=O)N[C@@H]1C[C@@H](O)[C@H](O)NC(=O)[C@@H]2[C@@H](O)[C@@H](C)CN2C(=O)[C@H](CO)NC(=O,2026-06-11,data/external/fks_inhibitors/raw_downloads/auto_fetch_external_fks_v0_1/bindingdb/getTargetByCompound_INCHIKEY_WUPSJTQKGFMDON-YYZYRETJSA-N.json,Use database records according to source database terms; verify key rows before modeling.,Candidate binding/affinity rows for identical or similar structures.,,BindingDB hits may be similar but not identical; manually check structure equivalence.
EXTSRC-000121,database_api,BindingDB getTargetByCompound,BindingDB,https://bindingdb.org/rest/getTargetByCompound?smiles=CCCCCOc1ccc%28-c2cc%28-c3ccc%28C%28%3DO%29N%5BC%40H%5D4C%5BC%40%40H%5D%28O%29%5BC%40%40H%5D%28O%29NC%28%3DO%29%5BC%40%40H%5D5%5BC%40%40H%5D%28O%29%5BC%40%40H%5D%28C%29CN5C%28%3DO%29%5BC%40H%5D%28%5BC%40H%5D%28O%29CC%28N%29%3DO%29NC%28%3DO%29%5BC%40H%5D%28%5BC%40H%5D%28O%29%5BC%40%40H%5D%28O%29c5ccc%28O%29c%28OS%28%3DO%29%28%3DO%29%5BO-%5D%29c5%29NC%28%3DO%29%5BC%40%40H%5D5C%5BC%40%40H%5D%28O%29CN5C%28%3DO%29C%28%5BC%40%40H%5D%28C%29O%29NC4%3DO%29cc3%29no2%29cc1.%5BNa%2B%5D&cutoff=0.95&response=application%2Fjson,SMILES similarity cutoff 0.95: CCCCCOc1ccc(-c2cc(-c3ccc(C(=O)N[C@H]4C[C@@H](O)[C@@H](O)NC(=O)[C@@H]5[C@@H](O)[C@@H](C)CN5C(=O)[C@H],2026-06-11,data/external/fks_inhibitors/raw_downloads/auto_fetch_external_fks_v0_1/bindingdb/getTargetByCompound_INCHIKEY_KOOAFHGJVIVFMZ-PMRBFUPTSA-M.json,Use database records according to source database terms; verify key rows before modeling.,Candidate binding/affinity rows for identical or similar structures.,,BindingDB hits may be similar but not identical; manually check structure equivalence.
EXTSRC-000122,database_api,BindingDB getTargetByCompound,BindingDB,https://bindingdb.org/rest/getTargetByCompound?smiles=CCC%28C%29CC%28C%29CCCCCCCCC%28%3DO%29NC1C%5BC%40%40H%5D%28O%29%5BC%40%40H%5D%28O%29NC%28%3DO%29C2CN%28C%5BC%40%40H%5D2O%29C%28%3DO%29%5BC%40H%5D%28%5BC%40H%5D%28O%29CCNC%28%3DO%29%5BC%40%40H%5D%28N%29CCCN%29NC%28%3DO%29%5BC%40H%5D%28%5BC%40H%5D%28O%29%5BC%40%40H%5D%28O%29c2ccc%28O%29cc2%29NC%28%3DO%29C2C%5BC%40%40H%5D%28O%29CN2C%28%3DO%29%5BC%40H%5D%28%5BC%40%40H%5D%28C%29O%29NC1%3DO&cutoff=0.95&response=application%2Fjson,SMILES similarity cutoff 0.95: CCC(C)CC(C)CCCCCCCCC(=O)NC1C[C@@H](O)[C@@H](O)NC(=O)C2CN(C[C@@H]2O)C(=O)[C@H]([C@H](O)CCNC(=O)[C@@H],2026-06-11,data/external/fks_inhibitors/raw_downloads/auto_fetch_external_fks_v0_1/bindingdb/getTargetByCompound_INCHIKEY_AKTWVIQRGHGYBD-MZINWBBXSA-N.json,Use database records according to source database terms; verify key rows before modeling.,Candidate binding/affinity rows for identical or similar structures.,,BindingDB hits may be similar but not identical; manually check structure equivalence.
EXTSRC-000123,database_api,BindingDB getTargetByCompound,BindingDB,https://bindingdb.org/rest/getTargetByCompound?smiles=CCC%28C%29CC%28C%29CCCCCCCCC%28%3DO%29NC1C%5BC%40%40H%5D%28O%29%5BC%40%40H%5D%28OCCN%29NC%28%3DO%29C2CN%28C%5BC%40%40H%5D2O%29C%28%3DO%29%5BC%40H%5D%28%5BC%40H%5D%28O%29CCNC%28%3DO%29%5BC%40%40H%5D%28N%29CN%29NC%28%3DO%29%5BC%40H%5D%28%5BC%40H%5D%28O%29%5BC%40%40H%5D%28O%29c2ccc%28O%29cc2%29NC%28%3DO%29C2C%5BC%40%40H%5D%28O%29CN2C%28%3DO%29%5BC%40H%5D%28%5BC%40%40H%5D%28C%29O%29NC1%3DO&cutoff=0.95&response=application%2Fjson,SMILES similarity cutoff 0.95: CCC(C)CC(C)CCCCCCCCC(=O)NC1C[C@@H](O)[C@@H](OCCN)NC(=O)C2CN(C[C@@H]2O)C(=O)[C@H]([C@H](O)CCNC(=O)[C@,2026-06-11,data/external/fks_inhibitors/raw_downloads/auto_fetch_external_fks_v0_1/bindingdb/getTargetByCompound_INCHIKEY_CLYGSZVLXZVSER-BYSNBSNWSA-N.json,Use database records according to source database terms; verify key rows before modeling.,Candidate binding/affinity rows for identical or similar structures.,,BindingDB hits may be similar but not identical; manually check structure equivalence.
EXTSRC-000124,database_api,BindingDB getTargetByCompound,BindingDB,https://bindingdb.org/rest/getTargetByCompound?smiles=CCC%28C%29CC%28C%29CCCCCCCCC%28%3DO%29NC1C%5BC%40%40H%5D%28O%29%5BC%40%40H%5D%28O%29NC%28%3DO%29C2CN%28C%5BC%40%40H%5D2O%29C%28%3DO%29%5BC%40H%5D%28%5BC%40H%5D%28O%29CCN%29NC%28%3DO%29%5BC%40H%5D%28%5BC%40H%5D%28O%29%5BC%40%40H%5D%28O%29c2ccc%28O%29cc2%29NC%28%3DO%29C2C%5BC%40%40H%5D%28O%29CN2C%28%3DO%29%5BC%40H%5D%28%5BC%40%40H%5D%28C%29O%29NC1%3DO&cutoff=0.95&response=application%2Fjson,SMILES similarity cutoff 0.95: CCC(C)CC(C)CCCCCCCCC(=O)NC1C[C@@H](O)[C@@H](O)NC(=O)C2CN(C[C@@H]2O)C(=O)[C@H]([C@H](O)CCN)NC(=O)[C@H,2026-06-11,data/external/fks_inhibitors/raw_downloads/auto_fetch_external_fks_v0_1/bindingdb/getTargetByCompound_INCHIKEY_MZCNOOJAVNDCST-HKMKTSAXSA-N.json,Use database records according to source database terms; verify key rows before modeling.,Candidate binding/affinity rows for identical or similar structures.,,BindingDB hits may be similar but not identical; manually check structure equivalence.
EXTSRC-000125,database_api,BindingDB getTargetByCompound,BindingDB,https://bindingdb.org/rest/getTargetByCompound?smiles=CCC%28C%29CC%28C%29CCCCCCCCC%28%3DO%29NC1C%5BC%40%40H%5D%28O%29%5BC%40%40H%5D%28O%29NC%28%3DO%29C2CN%28C%5BC%40%40H%5D2O%29C%28%3DO%29%5BC%40H%5D%28%5BC%40H%5D%28O%29CCNC%28C%29%3DO%29NC%28%3DO%29%5BC%40H%5D%28%5BC%40H%5D%28O%29%5BC%40%40H%5D%28O%29c2ccc%28O%29cc2%29NC%28%3DO%29C2C%5BC%40%40H%5D%28O%29CN2C%28%3DO%29%5BC%40H%5D%28%5BC%40%40H%5D%28C%29O%29NC1%3DO&cutoff=0.95&response=application%2Fjson,SMILES similarity cutoff 0.95: CCC(C)CC(C)CCCCCCCCC(=O)NC1C[C@@H](O)[C@@H](O)NC(=O)C2CN(C[C@@H]2O)C(=O)[C@H]([C@H](O)CCNC(C)=O)NC(=,2026-06-11,data/external/fks_inhibitors/raw_downloads/auto_fetch_external_fks_v0_1/bindingdb/getTargetByCompound_INCHIKEY_JVJUHEJZWRDQCA-HJBHAYSDSA-N.json,Use database records according to source database terms; verify key rows before modeling.,Candidate binding/affinity rows for identical or similar structures.,,BindingDB hits may be similar but not identical; manually check structure equivalence.
EXTSRC-000126,database_api,BindingDB getTargetByCompound,BindingDB,https://bindingdb.org/rest/getTargetByCompound?smiles=CC%5BC%40H%5D%28C%29C%5BC%40H%5D%28C%29CCCCCCCCC%28%3DO%29N%5BC%40H%5D1C%5BC%40%40H%5D%28O%29%5BC%40%40H%5D%28O%29NC%28%3DO%29%5BC%40%40H%5D2%5BC%40%40H%5D%28O%29CCN2C%28%3DO%29%5BC%40H%5D%28%5BC%40H%5D%28O%29CC%28N%29%3DO%29NC%28%3DO%29%5BC%40H%5D%28%5BC%40H%5D%28O%29%5BC%40%40H%5D%28O%29c2ccc%28O%29cc2%29NC%28%3DO%29%5BC%40%40H%5D2C%5BC%40%40H%5D%28O%29CN2C%28%3DO%29%5BC%40H%5D%28%5BC%40%40H%5D%28C%29O%29NC1%3DO&cutoff=0.95&response=application%2Fjson,SMILES similarity cutoff 0.95: CC[C@H](C)C[C@H](C)CCCCCCCCC(=O)N[C@H]1C[C@@H](O)[C@@H](O)NC(=O)[C@@H]2[C@@H](O)CCN2C(=O)[C@H]([C@H],2026-06-11,data/external/fks_inhibitors/raw_downloads/auto_fetch_external_fks_v0_1/bindingdb/getTargetByCompound_INCHIKEY_DQXPFAADCTZLNL-FXDJFZINSA-N.json,Use database records according to source database terms; verify key rows before modeling.,Candidate binding/affinity rows for identical or similar structures.,,BindingDB hits may be similar but not identical; manually check structure equivalence.
EXTSRC-000127,database_api,BindingDB getTargetByCompound,BindingDB,https://bindingdb.org/rest/getTargetByCompound?smiles=CC%28C%29c1%5BnH%5Dnc2c1C%28c1ccccc1OCCN%28C%29C%29N%28c1ccc%28-c3ccsc3%29cc1%29C2%3DO&cutoff=0.95&response=application%2Fjson,SMILES similarity cutoff 0.95: CC(C)c1[nH]nc2c1C(c1ccccc1OCCN(C)C)N(c1ccc(-c3ccsc3)cc1)C2=O,2026-06-11,data/external/fks_inhibitors/raw_downloads/auto_fetch_external_fks_v0_1/bindingdb/getTargetByCompound_INCHIKEY_BLHVQYLBFKUZOV-UHFFFAOYSA-N.json,Use database records according to source database terms; verify key rows before modeling.,Candidate binding/affinity rows for identical or similar structures.,,BindingDB hits may be similar but not identical; manually check structure equivalence.
EXTSRC-000128,database_api,BindingDB getTargetByCompound,BindingDB,https://bindingdb.org/rest/getTargetByCompound?smiles=CCCCCOc1ccc%28-c2ccc%28-c3ccc%28C%28%3DO%29N%5BC%40%40H%5D4C%5BC%40%40H%5D%28O%29%5BC%40%40H%5D%28O%29NC%28%3DO%29%5BC%40%40H%5D5%5BC%40%40H%5D%28O%29%5BC%40%40H%5D%28C%29CN5C%28%3DO%29%5BC%40H%5D%28%5BC%40%40H%5D%28C%29O%29NC%28%3DO%29%5BC%40H%5D%28%5BC%40H%5D%28O%29%5BC%40%40H%5D%28O%29c5ccc%28O%29cc5%29NC%28%3DO%29%5BC%40%40H%5D5C%5BC%40%40H%5D%28O%29CN5C%28%3DO%29%5BC%40H%5D%28%5BC%40H%5D%28C%29O%29NC4%3DO%29cc3%29cc2%29cc1&cutoff=0.95&response=application%2Fjson,SMILES similarity cutoff 0.95: CCCCCOc1ccc(-c2ccc(-c3ccc(C(=O)N[C@@H]4C[C@@H](O)[C@@H](O)NC(=O)[C@@H]5[C@@H](O)[C@@H](C)CN5C(=O)[C@,2026-06-11,data/external/fks_inhibitors/raw_downloads/auto_fetch_external_fks_v0_1/bindingdb/getTargetByCompound_INCHIKEY_JHVAMHSQVVQIOT-ZREZJXSTSA-N.json,Use database records according to source database terms; verify key rows before modeling.,Candidate binding/affinity rows for identical or similar structures.,,BindingDB hits may be similar but not identical; manually check structure equivalence.
EXTSRC-000129,database_api,BindingDB getTargetByCompound,BindingDB,https://bindingdb.org/rest/getTargetByCompound?smiles=CCC%28C%29CC%28C%29CCCCCCCCC%28%3DO%29NC1C%5BC%40%40H%5D%28O%29%5BC%40%40H%5D%28OCCN%29NC%28%3DO%29C2CN%28C%5BC%40%40H%5D2O%29C%28%3DO%29%5BC%40H%5D%28%5BC%40H%5D%28O%29CCN%29NC%28%3DO%29%5BC%40H%5D%28%5BC%40H%5D%28O%29%5BC%40%40H%5D%28O%29c2ccc%28O%29cc2%29NC%28%3DO%29C2C%5BC%40%40H%5D%28O%29CN2C%28%3DO%29%5BC%40H%5D%28%5BC%40%40H%5D%28C%29O%29NC1%3DO&cutoff=0.95&response=application%2Fjson,SMILES similarity cutoff 0.95: CCC(C)CC(C)CCCCCCCCC(=O)NC1C[C@@H](O)[C@@H](OCCN)NC(=O)C2CN(C[C@@H]2O)C(=O)[C@H]([C@H](O)CCN)NC(=O)[,2026-06-11,data/external/fks_inhibitors/raw_downloads/auto_fetch_external_fks_v0_1/bindingdb/getTargetByCompound_INCHIKEY_VCZHYLFAPHFKOG-INQNAKBFSA-N.json,Use database records according to source database terms; verify key rows before modeling.,Candidate binding/affinity rows for identical or similar structures.,,BindingDB hits may be similar but not identical; manually check structure equivalence.
EXTSRC-000130,database_api,BindingDB getTargetByCompound,BindingDB,https://bindingdb.org/rest/getTargetByCompound?smiles=CCC%28C%29CC%28C%29CCCCCCCCC%28%3DO%29N%5BC%40H%5D1C%5BC%40%40H%5D%28O%29%5BC%40%40H%5D%28O%29NC%28%3DO%29%5BC%40%40H%5D2%5BC%40%40H%5D%28O%29CCN2C%28%3DO%29%5BC%40H%5D%28%5BC%40%40H%5D%28O%29CC%28N%29%3DO%29NC%28%3DO%29%5BC%40H%5D%28%5BC%40H%5D%28O%29%5BC%40%40H%5D%28O%29c2ccc%28OC%28%3DO%29N%28C%29CC%28%3DO%29O%29cc2%29NC%28%3DO%29%5BC%40%40H%5D2C%5BC%40%40H%5D%28O%29CN2C%28%3DO%29%5BC%40H%5D%28%5BC%40H%5D%28C%29O%29NC1%3DO&cutoff=0.95&response=application%2Fjson,SMILES similarity cutoff 0.95: CCC(C)CC(C)CCCCCCCCC(=O)N[C@H]1C[C@@H](O)[C@@H](O)NC(=O)[C@@H]2[C@@H](O)CCN2C(=O)[C@H]([C@@H](O)CC(N,2026-06-11,data/external/fks_inhibitors/raw_downloads/auto_fetch_external_fks_v0_1/bindingdb/getTargetByCompound_INCHIKEY_RFOXKDZJVGXMFH-MCHODNDISA-N.json,Use database records according to source database terms; verify key rows before modeling.,Candidate binding/affinity rows for identical or similar structures.,,BindingDB hits may be similar but not identical; manually check structure equivalence.
EXTSRC-000131,database_api,BindingDB getTargetByCompound,BindingDB,https://bindingdb.org/rest/getTargetByCompound?smiles=CCC%28C%29CC%28C%29CCCCCCCCC%28%3DO%29N%5BC%40%40H%5D1C%5BC%40%40H%5D%28O%29%5BC%40%40H%5D%28O%29NC%28%3DO%29%5BC%40%40H%5D2%5BC%40%40H%5D%28O%29CCN2C%28%3DO%29%5BC%40H%5D%28%5BC%40%40H%5D%28O%29CC%28N%29%3DO%29NC%28%3DO%29%5BC%40H%5D%28%5BC%40%40H%5D%28O%29%5BC%40H%5D%28O%29c2ccc%28O%29c%28NC%28%3DO%29CCC%28%3DO%29O%29c2%29NC%28%3DO%29%5BC%40%40H%5D2C%5BC%40%40H%5D%28O%29CN2C%28%3DO%29%5BC%40H%5D%28%5BC%40%40H%5D%28C%29O%29NC1%3DO&cutoff=0.95&response=application%2Fjson,SMILES similarity cutoff 0.95: CCC(C)CC(C)CCCCCCCCC(=O)N[C@@H]1C[C@@H](O)[C@@H](O)NC(=O)[C@@H]2[C@@H](O)CCN2C(=O)[C@H]([C@@H](O)CC(,2026-06-11,data/external/fks_inhibitors/raw_downloads/auto_fetch_external_fks_v0_1/bindingdb/getTargetByCompound_INCHIKEY_YOFKROYRHKSFSI-XAZRDIKZSA-N.json,Use database records according to source database terms; verify key rows before modeling.,Candidate binding/affinity rows for identical or similar structures.,,BindingDB hits may be similar but not identical; manually check structure equivalence.
EXTSRC-000132,database_api,BindingDB getTargetByCompound,BindingDB,https://bindingdb.org/rest/getTargetByCompound?smiles=CCC%28C%29CC%28C%29CCCCCCCCC%28%3DO%29NC1C%5BC%40%40H%5D%28O%29%5BC%40%40H%5D%28O%29NC%28%3DO%29C2CN%28C%5BC%40%40H%5D2O%29C%28%3DO%29%5BC%40H%5D%28%5BC%40H%5D%28O%29CCNC%28%3DO%29CCCCCN%29NC%28%3DO%29%5BC%40H%5D%28%5BC%40H%5D%28O%29%5BC%40%40H%5D%28O%29c2ccc%28O%29cc2%29NC%28%3DO%29C2C%5BC%40%40H%5D%28O%29CN2C%28%3DO%29%5BC%40H%5D%28%5BC%40%40H%5D%28C%29O%29NC1%3DO&cutoff=0.95&response=application%2Fjson,SMILES similarity cutoff 0.95: CCC(C)CC(C)CCCCCCCCC(=O)NC1C[C@@H](O)[C@@H](O)NC(=O)C2CN(C[C@@H]2O)C(=O)[C@H]([C@H](O)CCNC(=O)CCCCCN,2026-06-11,data/external/fks_inhibitors/raw_downloads/auto_fetch_external_fks_v0_1/bindingdb/getTargetByCompound_INCHIKEY_YJJRPPZVQBONEH-NOEKLFLESA-N.json,Use database records according to source database terms; verify key rows before modeling.,Candidate binding/affinity rows for identical or similar structures.,,BindingDB hits may be similar but not identical; manually check structure equivalence.
EXTSRC-000133,database_api,BindingDB getTargetByCompound,BindingDB,https://bindingdb.org/rest/getTargetByCompound?smiles=CCC%28C%29CC%28C%29CCCCCCCCC%28%3DO%29N%5BC%40H%5D1C%5BC%40%40H%5D%28O%29%5BC%40%40H%5D%28OCCN%29NC%28%3DO%29%5BC%40%40H%5D2%5BC%40%40H%5D%28O%29CCN2C%28%3DO%29%5BC%40H%5D%28%5BC%40H%5D%28O%29CCN%29NC%28%3DO%29%5BC%40H%5D%28%5BC%40H%5D%28O%29%5BC%40%40H%5D%28O%29c2ccc%28O%29cc2%29NC%28%3DO%29%5BC%40%40H%5D2C%5BC%40%40H%5D%28O%29CN2C%28%3DO%29%5BC%40H%5D%28%5BC%40%40H%5D%28C%29O%29NC1%3DO&cutoff=0.95&response=application%2Fjson,SMILES similarity cutoff 0.95: CCC(C)CC(C)CCCCCCCCC(=O)N[C@H]1C[C@@H](O)[C@@H](OCCN)NC(=O)[C@@H]2[C@@H](O)CCN2C(=O)[C@H]([C@H](O)CC,2026-06-11,data/external/fks_inhibitors/raw_downloads/auto_fetch_external_fks_v0_1/bindingdb/getTargetByCompound_INCHIKEY_LJKPFWANICWKBY-QNYRWOSYSA-N.json,Use database records according to source database terms; verify key rows before modeling.,Candidate binding/affinity rows for identical or similar structures.,,BindingDB hits may be similar but not identical; manually check structure equivalence.
EXTSRC-000134,database_api,BindingDB getTargetByCompound,BindingDB,https://bindingdb.org/rest/getTargetByCompound?smiles=CCC%28C%29CC%28C%29CCCCCCCCC%28%3DO%29NC1C%5BC%40%40H%5D%28O%29%5BC%40%40H%5D%28O%29NC%28%3DO%29C2CN%28C%5BC%40%40H%5D2O%29C%28%3DO%29%5BC%40H%5D%28%5BC%40H%5D%28O%29CCNC%28%3DO%29CCCCN%29NC%28%3DO%29%5BC%40H%5D%28%5BC%40H%5D%28O%29%5BC%40%40H%5D%28O%29c2ccc%28O%29cc2%29NC%28%3DO%29C2C%5BC%40%40H%5D%28O%29CN2C%28%3DO%29%5BC%40H%5D%28%5BC%40%40H%5D%28C%29O%29NC1%3DO&cutoff=0.95&response=application%2Fjson,SMILES similarity cutoff 0.95: CCC(C)CC(C)CCCCCCCCC(=O)NC1C[C@@H](O)[C@@H](O)NC(=O)C2CN(C[C@@H]2O)C(=O)[C@H]([C@H](O)CCNC(=O)CCCCN),2026-06-11,data/external/fks_inhibitors/raw_downloads/auto_fetch_external_fks_v0_1/bindingdb/getTargetByCompound_INCHIKEY_LRJGYSTYOUYCSC-WXVGHFLASA-N.json,Use database records according to source database terms; verify key rows before modeling.,Candidate binding/affinity rows for identical or similar structures.,,BindingDB hits may be similar but not identical; manually check structure equivalence.
EXTSRC-000135,database_api,BindingDB getTargetByCompound,BindingDB,https://bindingdb.org/rest/getTargetByCompound?smiles=CCC%28C%29CC%28C%29CCCCCCCCC%28%3DO%29NC1C%5BC%40%40H%5D%28O%29%5BC%40%40H%5D%28O%29NC%28%3DO%29C2CN%28C%5BC%40%40H%5D2O%29C%28%3DO%29%5BC%40H%5D%28%5BC%40H%5D%28O%29CCNC%28%3DO%29CCCCCCN%29NC%28%3DO%29%5BC%40H%5D%28%5BC%40H%5D%28O%29%5BC%40%40H%5D%28O%29c2ccc%28O%29cc2%29NC%28%3DO%29C2C%5BC%40%40H%5D%28O%29CN2C%28%3DO%29%5BC%40H%5D%28%5BC%40%40H%5D%28C%29O%29NC1%3DO&cutoff=0.95&response=application%2Fjson,SMILES similarity cutoff 0.95: CCC(C)CC(C)CCCCCCCCC(=O)NC1C[C@@H](O)[C@@H](O)NC(=O)C2CN(C[C@@H]2O)C(=O)[C@H]([C@H](O)CCNC(=O)CCCCCC,2026-06-11,data/external/fks_inhibitors/raw_downloads/auto_fetch_external_fks_v0_1/bindingdb/getTargetByCompound_INCHIKEY_RYNRVIGYPJLTCP-IDACEGCDSA-N.json,Use database records according to source database terms; verify key rows before modeling.,Candidate binding/affinity rows for identical or similar structures.,,BindingDB hits may be similar but not identical; manually check structure equivalence.
EXTSRC-000136,database_api,BindingDB getTargetByCompound,BindingDB,https://bindingdb.org/rest/getTargetByCompound?smiles=CCC%28C%29CC%28C%29CCCCCCCCC%28%3DO%29N%5BC%40%40H%5D1C%5BC%40%40H%5D%28O%29CNC%28%3DO%29%5BC%40%40H%5D2%5BC%40%40H%5D%28O%29CCN2C%28%3DO%29%5BC%40H%5D%28%5BC%40%40H%5D%28O%29CC%28N%29%3DO%29NC%28%3DO%29%5BC%40H%5D%28%5BC%40%40H%5D%28O%29Cc2ccc%28O%29c%28I%29c2%29NC%28%3DO%29%5BC%40%40H%5D2C%5BC%40%40H%5D%28O%29CN2C%28%3DO%29%5BC%40H%5D%28%5BC%40%40H%5D%28C%29O%29NC1%3DO&cutoff=0.95&response=application%2Fjson,SMILES similarity cutoff 0.95: CCC(C)CC(C)CCCCCCCCC(=O)N[C@@H]1C[C@@H](O)CNC(=O)[C@@H]2[C@@H](O)CCN2C(=O)[C@H]([C@@H](O)CC(N)=O)NC(,2026-06-11,data/external/fks_inhibitors/raw_downloads/auto_fetch_external_fks_v0_1/bindingdb/getTargetByCompound_INCHIKEY_CYTCSJFRKOSRSJ-HYTINFHMSA-N.json,Use database records according to source database terms; verify key rows before modeling.,Candidate binding/affinity rows for identical or similar structures.,,BindingDB hits may be similar but not identical; manually check structure equivalence.
EXTSRC-000137,database_api,BindingDB getTargetByCompound,BindingDB,https://bindingdb.org/rest/getTargetByCompound?smiles=CCC%28C%29CC%28C%29CCCCCCCCC%28%3DO%29NC1C%5BC%40%40H%5D%28O%29%5BC%40%40H%5D%28O%29NC%28%3DO%29C2CN%28C%5BC%40%40H%5D2O%29C%28%3DO%29%5BC%40H%5D%28%5BC%40H%5D%28O%29CCNC%28%3DO%29CN%29NC%28%3DO%29%5BC%40H%5D%28%5BC%40H%5D%28O%29%5BC%40%40H%5D%28O%29c2ccc%28O%29cc2%29NC%28%3DO%29C2C%5BC%40%40H%5D%28O%29CN2C%28%3DO%29%5BC%40H%5D%28%5BC%40%40H%5D%28C%29O%29NC1%3DO&cutoff=0.95&response=application%2Fjson,SMILES similarity cutoff 0.95: CCC(C)CC(C)CCCCCCCCC(=O)NC1C[C@@H](O)[C@@H](O)NC(=O)C2CN(C[C@@H]2O)C(=O)[C@H]([C@H](O)CCNC(=O)CN)NC(,2026-06-11,data/external/fks_inhibitors/raw_downloads/auto_fetch_external_fks_v0_1/bindingdb/getTargetByCompound_INCHIKEY_DJLBXGAUWBJJQP-TVQDTUTDSA-N.json,Use database records according to source database terms; verify key rows before modeling.,Candidate binding/affinity rows for identical or similar structures.,,BindingDB hits may be similar but not identical; manually check structure equivalence.
EXTSRC-000138,database_api,BindingDB getTargetByCompound,BindingDB,https://bindingdb.org/rest/getTargetByCompound?smiles=CCC%28C%29CC%28C%29CCCCCCCCC%28%3DO%29NC1C%5BC%40%40H%5D%28O%29%5BC%40%40H%5D%28O%29NC%28%3DO%29C2CN%28C%5BC%40%40H%5D2O%29C%28%3DO%29%5BC%40H%5D%28%5BC%40H%5D%28O%29CCNC%28%3DO%29CCN%29NC%28%3DO%29%5BC%40H%5D%28%5BC%40H%5D%28O%29%5BC%40%40H%5D%28O%29c2ccc%28O%29cc2%29NC%28%3DO%29C2C%5BC%40%40H%5D%28O%29CN2C%28%3DO%29%5BC%40H%5D%28%5BC%40%40H%5D%28C%29O%29NC1%3DO&cutoff=0.95&response=application%2Fjson,SMILES similarity cutoff 0.95: CCC(C)CC(C)CCCCCCCCC(=O)NC1C[C@@H](O)[C@@H](O)NC(=O)C2CN(C[C@@H]2O)C(=O)[C@H]([C@H](O)CCNC(=O)CCN)NC,2026-06-11,data/external/fks_inhibitors/raw_downloads/auto_fetch_external_fks_v0_1/bindingdb/getTargetByCompound_INCHIKEY_XRXQXDRADCYFBG-GJWVBUFMSA-N.json,Use database records according to source database terms; verify key rows before modeling.,Candidate binding/affinity rows for identical or similar structures.,,BindingDB hits may be similar but not identical; manually check structure equivalence.
EXTSRC-000139,database_api,BindingDB getTargetByCompound,BindingDB,https://bindingdb.org/rest/getTargetByCompound?smiles=CCC%28C%29CC%28C%29CCCCCCCCC%28%3DO%29NC1C%5BC%40%40H%5D%28O%29%5BC%40%40H%5D%28O%29NC%28%3DO%29C2CN%28C%5BC%40%40H%5D2O%29C%28%3DO%29%5BC%40H%5D%28%5BC%40H%5D%28O%29CCNC%28%3DO%29CCCN%29NC%28%3DO%29%5BC%40H%5D%28%5BC%40H%5D%28O%29%5BC%40%40H%5D%28O%29c2ccc%28O%29cc2%29NC%28%3DO%29C2C%5BC%40%40H%5D%28O%29CN2C%28%3DO%29%5BC%40H%5D%28%5BC%40%40H%5D%28C%29O%29NC1%3DO&cutoff=0.95&response=application%2Fjson,SMILES similarity cutoff 0.95: CCC(C)CC(C)CCCCCCCCC(=O)NC1C[C@@H](O)[C@@H](O)NC(=O)C2CN(C[C@@H]2O)C(=O)[C@H]([C@H](O)CCNC(=O)CCCN)N,2026-06-11,data/external/fks_inhibitors/raw_downloads/auto_fetch_external_fks_v0_1/bindingdb/getTargetByCompound_INCHIKEY_OJPVZUUCRJMOOS-SPHRYDHZSA-N.json,Use database records according to source database terms; verify key rows before modeling.,Candidate binding/affinity rows for identical or similar structures.,,BindingDB hits may be similar but not identical; manually check structure equivalence.
EXTSRC-000140,database_api,BindingDB getTargetByCompound,BindingDB,https://bindingdb.org/rest/getTargetByCompound?smiles=CC%28%3DO%29%5BO-%5D.CCCCCOc1ccc%28-c2ccc%28-c3ccc%28C%28%3DO%29N%5BC%40%40H%5D4C%5BC%40%40H%5D%28O%29%5BC%40%40H%5D%28NCC%5BN%2B%5D%28C%29%28C%29C%29NC%28%3DO%29%5BC%40%40H%5D5%5BC%40%40H%5D%28O%29%5BC%40%40H%5D%28C%29CN5C%28%3DO%29%5BC%40H%5D%28%5BC%40%40H%5D%28C%29O%29NC%28%3DO%29%5BC%40H%5D%28%5BC%40H%5D%28O%29%5BC%40%40H%5D%28O%29c5ccc%28O%29cc5%29NC%28%3DO%29%5BC%40%40H%5D5C%5BC%40%40H%5D%28O%29CN5C%28%3DO%29%5BC%40H%5D%28%5BC%40%40H%5D%28C%29O%29NC4%3DO%29cc3%29cc2%29cc1&cutoff=0.95&response=application%2Fjson,SMILES similarity cutoff 0.95: CC(=O)[O-].CCCCCOc1ccc(-c2ccc(-c3ccc(C(=O)N[C@@H]4C[C@@H](O)[C@@H](NCC[N+](C)(C)C)NC(=O)[C@@H]5[C@@H,2026-06-11,data/external/fks_inhibitors/raw_downloads/auto_fetch_external_fks_v0_1/bindingdb/getTargetByCompound_INCHIKEY_BNKCPVHXTKCWKC-YJXVHHPDSA-N.json,Use database records according to source database terms; verify key rows before modeling.,Candidate binding/affinity rows for identical or similar structures.,,BindingDB hits may be similar but not identical; manually check structure equivalence.
EXTSRC-000141,database_api,BindingDB getTargetByCompound,BindingDB,https://bindingdb.org/rest/getTargetByCompound?smiles=CC%5BC%40H%5D%28C%29C%5BC%40H%5D%28C%29CCCCCCCCC%28%3DO%29N%5BC%40H%5D1C%5BC%40%40H%5D%28O%29%5BC%40H%5D%28NCCN%29NC%28%3DO%29%5BC%40%40H%5D2%5BC%40%40H%5D%28O%29CCN2C%28%3DO%29%5BC%40H%5D%28%5BC%40H%5D%28O%29CCN%29NC%28%3DO%29C%28%5BC%40H%5D%28O%29%5BC%40%40H%5D%28O%29c2ccc%28O%29cc2%29NC%28%3DO%29%5BC%40%40H%5D2C%5BC%40%40H%5D%28O%29CN2C%28%3DO%29C%28%5BC%40%40H%5D%28C%29O%29NC1%3DO&cutoff=0.95&response=application%2Fjson,SMILES similarity cutoff 0.95: CC[C@H](C)C[C@H](C)CCCCCCCCC(=O)N[C@H]1C[C@@H](O)[C@H](NCCN)NC(=O)[C@@H]2[C@@H](O)CCN2C(=O)[C@H]([C@,2026-06-11,data/external/fks_inhibitors/raw_downloads/auto_fetch_external_fks_v0_1/bindingdb/getTargetByCompound_INCHIKEY_JYIKNQVWKBUSNH-LAZAGNLISA-N.json,Use database records according to source database terms; verify key rows before modeling.,Candidate binding/affinity rows for identical or similar structures.,,BindingDB hits may be similar but not identical; manually check structure equivalence.
EXTSRC-000142,database_api,BindingDB getTargetByCompound,BindingDB,https://bindingdb.org/rest/getTargetByCompound?smiles=CC%28C%29%5BC%40%40H%5D%28C%29%5BC%40%40%5D1%28C%29CC%5BC%40%5D2%28C%29%5BC%40H%5D3CC%5BC%40H%5D4%5BC%40H%5D5COC%5BC%40%40%5D4%28C%5BC%40%40H%5D%28n4ncnc4-c4ccncc4%29%5BC%40%40H%5D5OC%5BC%40%5D%28C%29%28N%29C%28C%29%28C%29C%29C3%3DCC%5BC%40%40%5D2%28C%29%5BC%40%40H%5D1C%28%3DO%29O&cutoff=0.95&response=application%2Fjson,SMILES similarity cutoff 0.95: CC(C)[C@@H](C)[C@@]1(C)CC[C@]2(C)[C@H]3CC[C@H]4[C@H]5COC[C@@]4(C[C@@H](n4ncnc4-c4ccncc4)[C@@H]5OC[C@,2026-06-11,data/external/fks_inhibitors/raw_downloads/auto_fetch_external_fks_v0_1/bindingdb/getTargetByCompound_INCHIKEY_RQNYUCOQFZEKBG-AMAXVAHISA-N.json,Use database records according to source database terms; verify key rows before modeling.,Candidate binding/affinity rows for identical or similar structures.,,BindingDB hits may be similar but not identical; manually check structure equivalence.
EXTSRC-000143,database_api,BindingDB getTargetByCompound,BindingDB,https://bindingdb.org/rest/getTargetByCompound?smiles=CCC%28C%29CC%28C%29CCCCCCCCC%28%3DO%29N%5BC%40H%5D1C%5BC%40%40H%5D%28O%29%5BC%40%40H%5D%28NCCN%29NC%28%3DO%29%5BC%40%40H%5D2%5BC%40%40H%5D%28O%29CCN2C%28%3DO%29%5BC%40H%5D%28%5BC%40H%5D%28O%29CCN%29NC%28%3DO%29%5BC%40H%5D%28%5BC%40H%5D%28O%29%5BC%40%40H%5D%28O%29c2ccc%28O%29cc2%29NC%28%3DO%29%5BC%40%40H%5D2C%5BC%40%40H%5D%28O%29CN2C%28%3DO%29%5BC%40H%5D%28%5BC%40%40H%5D%28C%29O%29NC1%3DO&cutoff=0.95&response=application%2Fjson,SMILES similarity cutoff 0.95: CCC(C)CC(C)CCCCCCCCC(=O)N[C@H]1C[C@@H](O)[C@@H](NCCN)NC(=O)[C@@H]2[C@@H](O)CCN2C(=O)[C@H]([C@H](O)CC,2026-06-11,data/external/fks_inhibitors/raw_downloads/auto_fetch_external_fks_v0_1/bindingdb/getTargetByCompound_INCHIKEY_JYIKNQVWKBUSNH-OGZDCFRISA-N.json,Use database records according to source database terms; verify key rows before modeling.,Candidate binding/affinity rows for identical or similar structures.,,BindingDB hits may be similar but not identical; manually check structure equivalence.
EXTSRC-000144,database_api,BindingDB getTargetByCompound,BindingDB,https://bindingdb.org/rest/getTargetByCompound?smiles=CC%28%3DO%29O%5BC%40%40H%5D1C%5BC%40%5D23C4%3DCC%5BC%40%40%5D5%28C%29%5BC%40%40H%5D6C%28%3DO%29C%5BC%40H%5D%28C%28C%29C%29%5BC%40%40%5D6%28C%29CC%5BC%40%5D5%28C%29%5BC%40H%5D4CC%5BC%40H%5D2%5BC%40%40%5D%28C%29%28COC3O%29%5BC%40H%5D1O%5BC%40%40H%5D1O%5BC%40H%5D%28CO%29%5BC%40%40H%5D%28O%29%5BC%40H%5D%28O%29%5BC%40H%5D1O&cutoff=0.95&response=application%2Fjson,SMILES similarity cutoff 0.95: CC(=O)O[C@@H]1C[C@]23C4=CC[C@@]5(C)[C@@H]6C(=O)C[C@H](C(C)C)[C@@]6(C)CC[C@]5(C)[C@H]4CC[C@H]2[C@@](C,2026-06-11,data/external/fks_inhibitors/raw_downloads/auto_fetch_external_fks_v0_1/bindingdb/getTargetByCompound_INCHIKEY_HXURBMQYBLUXCC-ZTRYZSRGSA-N.json,Use database records according to source database terms; verify key rows before modeling.,Candidate binding/affinity rows for identical or similar structures.,,BindingDB hits may be similar but not identical; manually check structure equivalence.
